"id","year","value","budget-type"
"AE",2000,,"actual"
"AE",2001,,"actual"
"AE",2002,,"actual"
"AE",2003,,"actual"
"AE",2004,,"actual"
"AE",2005,,"actual"
"AE",2006,,"actual"
"AE",2007,,"actual"
"AE",2008,,"actual"
"AE",2009,,"actual"
"AE",2010,,"actual"
"AE",2011,,"actual"
"AE",2012,33617.6008758174,"actual"
"AE",2013,34364.4666995291,"actual"
"AE",2014,31819.1366688666,"actual"
"AE",2015,20864.7639108969,"proj"
"AE",2016,21380.8702223093,"proj"
"AE",2017,23195.5237773079,"proj"
"AE",2018,25119.7032920135,"proj"
"AE",2019,26592.8249209229,"proj"
"AE",2020,27804.2063154424,"proj"
"AF",2000,,"actual"
"AF",2001,,"actual"
"AF",2002,,"actual"
"AF",2003,14.6410901967824,"actual"
"AF",2004,25.4103532089266,"actual"
"AF",2005,39.486201369655,"actual"
"AF",2006,64.8696386929913,"actual"
"AF",2007,78.41439425269,"actual"
"AF",2008,119.69976046874,"actual"
"AF",2009,122.535573108781,"actual"
"AF",2010,174.522065832499,"actual"
"AF",2011,264.140596387703,"actual"
"AF",2012,409.970600899249,"actual"
"AF",2013,434.150603540723,"actual"
"AF",2014,451.177695990358,"actual"
"AF",2015,542.582613437989,"proj"
"AF",2016,,"proj"
"AF",2017,,"proj"
"AF",2018,,"proj"
"AF",2019,,"proj"
"AF",2020,,"proj"
"AG",2000,2542.45679337714,"actual"
"AG",2001,2399.23625450291,"actual"
"AG",2002,2737.14661148617,"actual"
"AG",2003,2735.10417964044,"actual"
"AG",2004,3144.22616601603,"actual"
"AG",2005,3582.18906647095,"actual"
"AG",2006,4586.40174729509,"actual"
"AG",2007,5319.43136506979,"actual"
"AG",2008,5558.96255363605,"actual"
"AG",2009,4315.06510877626,"actual"
"AG",2010,4964.43147537265,"actual"
"AG",2011,4498.71816429988,"actual"
"AG",2012,4978.6647437261,"actual"
"AG",2013,4354.52857738375,"proj"
"AG",2014,4764.90124413558,"proj"
"AG",2015,5367.98100026389,"proj"
"AG",2016,5418.72397821728,"proj"
"AG",2017,5696.02760730246,"proj"
"AG",2018,6062.35549430993,"proj"
"AG",2019,6437.92337316081,"proj"
"AG",2020,6845.68376072378,"proj"
"AL",2000,612.99446485102,"actual"
"AL",2001,708.866230727281,"actual"
"AL",2002,818.697726424792,"actual"
"AL",2003,931.467544866322,"actual"
"AL",2004,1066.89764548715,"actual"
"AL",2005,1225.93633337982,"actual"
"AL",2006,1403.41248101838,"actual"
"AL",2007,1619.83559463749,"actual"
"AL",2008,1991.30015342593,"actual"
"AL",2009,2106.31843314175,"actual"
"AL",2010,2376.82467827548,"actual"
"AL",2011,2512.30403575129,"actual"
"AL",2012,2542.87002862255,"actual"
"AL",2013,2501.08962952987,"actual"
"AL",2014,2876.1304563571,"actual"
"AL",2015,2981.0242218139,"actual"
"AL",2016,3275.05915149228,"proj"
"AL",2017,3527.03335989729,"proj"
"AL",2018,3871.96472092281,"proj"
"AL",2019,4274.52994967095,"proj"
"AL",2020,4717.91154651165,"proj"
"AL",2021,5207.57318075639,"proj"
"AM",2000,,"actual"
"AM",2001,190.485274516038,"actual"
"AM",2002,247.161923940045,"actual"
"AM",2003,291.664994764811,"actual"
"AM",2004,316.140474649727,"actual"
"AM",2005,392.935256530103,"actual"
"AM",2006,559.322284556547,"actual"
"AM",2007,775.309799750699,"actual"
"AM",2008,952.221003129675,"actual"
"AM",2009,879.028789769822,"actual"
"AM",2010,1064.62516414238,"actual"
"AM",2011,1261.7028216176,"actual"
"AM",2012,1417.77015986134,"actual"
"AM",2013,1684.44039354174,"proj"
"AM",2014,1785.69960125647,"proj"
"AM",2015,1952.81687251331,"proj"
"AM",2016,2117.63189934066,"proj"
"AM",2017,,"proj"
"AM",2018,,"proj"
"AM",2019,,"proj"
"AM",2020,,"proj"
"AO",2000,,"actual"
"AO",2001,,"actual"
"AO",2002,,"actual"
"AO",2003,,"actual"
"AO",2004,,"actual"
"AO",2005,,"actual"
"AO",2006,630.108258133746,"actual"
"AO",2007,869.695602510544,"actual"
"AO",2008,1529.3696146054,"actual"
"AO",2009,884.841829368579,"actual"
"AO",2010,1673.10988347905,"actual"
"AO",2011,2922.87418228393,"actual"
"AO",2012,3215.16432403069,"actual"
"AO",2013,3070.0026009811,"actual"
"AO",2014,2669.49106339821,"proj"
"AO",2015,1894.62835826237,"proj"
"AO",2016,2893.25253568037,"proj"
"AO",2017,,"proj"
"AO",2018,,"proj"
"AO",2019,,"proj"
"AO",2020,,"proj"
"AZ",2000,,"actual"
"AZ",2001,,"actual"
"AZ",2002,,"actual"
"AZ",2003,312.202244672326,"actual"
"AZ",2004,400.145478298896,"actual"
"AZ",2005,631.357221427275,"actual"
"AZ",2006,1161.791930684,"actual"
"AZ",2007,2120.132055432,"actual"
"AZ",2008,6154.73003294088,"actual"
"AZ",2009,3866.63455373733,"actual"
"AZ",2010,5881.66220908043,"actual"
"AZ",2011,8437.20613495396,"actual"
"AZ",2012,8101.34691447526,"actual"
"AZ",2013,8485.90520459511,"proj"
"AZ",2014,8863.47390256202,"proj"
"AZ",2015,8092.08081129872,"proj"
"AZ",2016,,"proj"
"AZ",2017,,"proj"
"AZ",2018,,"proj"
"AZ",2019,,"proj"
"AZ",2020,,"proj"
"BA",2000,1347.00334940282,"actual"
"BA",2001,1417.0162595047,"actual"
"BA",2002,1567.04385477437,"actual"
"BA",2003,2026.20992798792,"actual"
"BA",2004,1959.86382976933,"actual"
"BA",2005,2224.47138718274,"actual"
"BA",2006,2802.45421803727,"actual"
"BA",2007,3433.62284035807,"actual"
"BA",2008,3896.79895314313,"actual"
"BA",2009,3784.24183204006,"actual"
"BA",2010,4114.36194836559,"actual"
"BA",2011,4318.92996103586,"actual"
"BA",2012,4394.22809692647,"actual"
"BA",2013,4383.4035740769,"actual"
"BA",2014,4578.35171991398,"actual"
"BA",2015,4760.59368635894,"proj"
"BA",2016,5028.73917047343,"proj"
"BA",2017,5347.34088468884,"proj"
"BA",2018,5749.84223515301,"proj"
"BA",2019,6254.27881803208,"proj"
"BA",2020,6821.24066688157,"proj"
"BD",2000,,"actual"
"BD",2001,,"actual"
"BD",2002,32.2980903003601,"actual"
"BD",2003,37.13155866927,"actual"
"BD",2004,41.9273584469721,"actual"
"BD",2005,49.9359766273544,"actual"
"BD",2006,59.586869758716,"actual"
"BD",2007,72.7131276273814,"actual"
"BD",2008,92.9057960111435,"actual"
"BD",2009,106.68339271902,"actual"
"BD",2010,135.958294383837,"actual"
"BD",2011,172.456751456138,"actual"
"BD",2012,229.405978090598,"actual"
"BD",2013,273.360913052931,"actual"
"BD",2014,311.934147263482,"actual"
"BD",2015,336.326902314078,"actual"
"BD",2016,427.874454865098,"proj"
"BD",2017,572.929683453995,"proj"
"BD",2018,,"proj"
"BD",2019,,"proj"
"BD",2020,,"proj"
"BF",2000,,"actual"
"BF",2001,104.792630021888,"actual"
"BF",2002,105.031519461357,"actual"
"BF",2003,118.683163690787,"actual"
"BF",2004,123.201739247198,"actual"
"BF",2005,133.441895375922,"actual"
"BF",2006,147.659556541983,"actual"
"BF",2007,167.864961114056,"actual"
"BF",2008,171.647159057043,"actual"
"BF",2009,209.288880928111,"actual"
"BF",2010,241.407004546815,"actual"
"BF",2011,296.920302006301,"actual"
"BF",2012,371.372269633404,"actual"
"BF",2013,406.22701790427,"actual"
"BF",2014,355.064049802908,"actual"
"BF",2015,388.213869387933,"proj"
"BF",2016,423.987341523467,"proj"
"BF",2017,,"proj"
"BF",2018,,"proj"
"BF",2019,,"proj"
"BF",2020,,"proj"
"BI",2000,,"actual"
"BI",2001,,"actual"
"BI",2002,,"actual"
"BI",2003,,"actual"
"BI",2004,20.3264910497537,"actual"
"BI",2005,24.4666175714508,"actual"
"BI",2006,31.4395975656489,"actual"
"BI",2007,40.2136298803702,"actual"
"BI",2008,90.0896262750621,"actual"
"BI",2009,88.0144838219765,"actual"
"BI",2010,123.882956488362,"actual"
"BI",2011,151.015662080389,"actual"
"BI",2012,178.751297208555,"actual"
"BI",2013,216.109809736082,"actual"
"BI",2014,233.232522797345,"actual"
"BI",2015,266.20452489148,"proj"
"BI",2016,311.890535902941,"proj"
"BI",2017,368.830490534791,"proj"
"BI",2018,419.364999076049,"proj"
"BI",2019,,"proj"
"BI",2020,,"proj"
"BJ",2000,132.832236099588,"actual"
"BJ",2001,146.294233507632,"actual"
"BJ",2002,151.18221112885,"actual"
"BJ",2003,173.17916700619,"actual"
"BJ",2004,177.400447917225,"actual"
"BJ",2005,189.795303586743,"actual"
"BJ",2006,205.732228746996,"actual"
"BJ",2007,265.664667626971,"actual"
"BJ",2008,277.177864212977,"actual"
"BJ",2009,294.56326799104,"actual"
"BJ",2010,277.51361464117,"actual"
"BJ",2011,298.555897203269,"actual"
"BJ",2012,358.358550422338,"actual"
"BJ",2013,373.204448932028,"actual"
"BJ",2014,353.236384397748,"actual"
"BJ",2015,370.650256526726,"proj"
"BJ",2016,399.029557407306,"proj"
"BJ",2017,420.762934318384,"proj"
"BJ",2018,455.765238274431,"proj"
"BJ",2019,493.115122063523,"proj"
"BJ",2020,536.035495754277,"proj"
"BO",2000,,"actual"
"BO",2001,234.530521938243,"actual"
"BO",2002,246.795140841973,"actual"
"BO",2003,270.93576567072,"actual"
"BO",2004,360.766027610802,"actual"
"BO",2005,481.124450954925,"actual"
"BO",2006,696.181683346715,"actual"
"BO",2007,827.758416439207,"actual"
"BO",2008,1187.15711545339,"actual"
"BO",2009,1060.20983375351,"actual"
"BO",2010,1192.4510835418,"actual"
"BO",2011,1767.34389201181,"actual"
"BO",2012,2197.01797885646,"actual"
"BO",2013,2677.36459014802,"actual"
"BO",2014,2953.96768020152,"actual"
"BO",2015,2470.39581288846,"proj"
"BO",2016,2457.51285949904,"proj"
"BO",2017,2805.39400040654,"proj"
"BO",2018,3172.31329211454,"proj"
"BO",2019,3591.09587344514,"proj"
"BO",2020,4010.96875767169,"proj"
"BR",2000,,"actual"
"BR",2001,,"actual"
"BR",2002,,"actual"
"BR",2003,,"actual"
"BR",2004,,"actual"
"BR",2005,,"actual"
"BR",2006,,"actual"
"BR",2007,,"actual"
"BR",2008,1721.83386978352,"actual"
"BR",2009,1895.68848613532,"actual"
"BR",2010,2483.62293555438,"actual"
"BR",2011,3091.57138327435,"actual"
"BR",2012,3619.65477635446,"actual"
"BR",2013,4275.83771666522,"actual"
"BR",2014,4808.68474937182,"actual"
"BR",2015,,"proj"
"BR",2016,,"proj"
"BR",2017,,"proj"
"BR",2018,,"proj"
"BR",2019,,"proj"
"BR",2020,,"proj"
"BT",2000,,"actual"
"BT",2001,,"actual"
"BT",2002,347.073315503483,"actual"
"BT",2003,279.043984306169,"actual"
"BT",2004,414.315929837733,"actual"
"BT",2005,424.611346246412,"actual"
"BT",2006,558.817826817443,"actual"
"BT",2007,689.66868508309,"actual"
"BT",2008,802.985250417601,"actual"
"BT",2009,935.972012059587,"actual"
"BT",2010,1458.531253361,"actual"
"BT",2011,1399.47243089656,"actual"
"BT",2012,1745.53316928276,"proj"
"BT",2013,1721.30372962686,"actual"
"BT",2014,2212.05378085593,"actual"
"BT",2015,2154.80350004531,"actual"
"BT",2016,2720.56501181282,"proj"
"BT",2017,2695.29697476364,"proj"
"BT",2018,3239.00142092056,"proj"
"BT",2019,,"proj"
"BT",2020,,"proj"
"BW",2000,,"actual"
"BW",2001,,"actual"
"BW",2002,,"actual"
"BW",2003,910.593051946377,"actual"
"BW",2004,1098.10505103408,"actual"
"BW",2005,1552.22643832904,"actual"
"BW",2006,2017.42547227157,"actual"
"BW",2007,2189.7665308345,"actual"
"BW",2008,2335.52080952768,"actual"
"BW",2009,2407.79020351194,"actual"
"BW",2010,2994.18140401282,"actual"
"BW",2011,3852.58655865806,"actual"
"BW",2012,4221.76586664076,"proj"
"BW",2013,4601.61513558331,"proj"
"BW",2014,5580.36651353023,"proj"
"BW",2015,5941.58773497877,"proj"
"BW",2016,5463.07046566871,"proj"
"BW",2017,6250.59198230041,"proj"
"BW",2018,,"proj"
"BW",2019,,"proj"
"BY",2000,,"actual"
"BY",2001,,"actual"
"BY",2002,,"actual"
"BY",2003,,"actual"
"BY",2004,,"actual"
"BY",2005,,"actual"
"BY",2006,,"actual"
"BY",2007,,"actual"
"BY",2008,233.680816876472,"actual"
"BY",2009,238.720166913246,"actual"
"BY",2010,288.209428792851,"actual"
"BY",2011,830.676589235435,"actual"
"BY",2012,2749.02534739954,"actual"
"BY",2013,4065.73860274677,"actual"
"BY",2014,5512.55393968323,"actual"
"BY",2015,8181.87291996173,"proj"
"BY",2016,,"proj"
"BY",2017,,"proj"
"BY",2018,,"proj"
"BY",2019,,"proj"
"BY",2020,,"proj"
"BZ",1999,961.501346947239,"actual"
"BZ",2000,1026.02168141092,"actual"
"BZ",2001,1162.62604768665,"actual"
"BZ",2003,1042.02990267936,"actual"
"BZ",2004,1177.37218742841,"actual"
"BZ",2005,1266.16163399614,"actual"
"BZ",2006,1563.05840514228,"actual"
"BZ",2007,1820.06080777035,"actual"
"BZ",2008,1929.57396811234,"actual"
"BZ",2009,1764.34923789474,"actual"
"BZ",2010,1879.95194827161,"actual"
"BZ",2011,2055.85586597171,"actual"
"BZ",2012,2041.98256031621,"actual"
"BZ",2013,2205.42706347826,"actual"
"BZ",2014,2414.45328347826,"actual"
"BZ",2015,2328.34402470896,"proj"
"BZ",2016,2345.77604495675,"proj"
"BZ",2017,2403.04308884766,"proj"
"BZ",2018,,"proj"
"BZ",2019,,"proj"
"CD",2000,,"actual"
"CD",2001,,"actual"
"CD",2002,,"actual"
"CD",2003,,"actual"
"CD",2004,,"actual"
"CD",2005,,"actual"
"CD",2006,,"actual"
"CD",2007,9.68715467064668,"actual"
"CD",2008,17.3894272003647,"actual"
"CD",2009,36.764157437026,"actual"
"CD",2010,75.0449731288612,"actual"
"CD",2011,82.6202937922818,"actual"
"CD",2012,93.1507565694915,"actual"
"CD",2013,103.807770087833,"actual"
"CD",2014,107.531366203416,"actual"
"CD",2015,128.507252643011,"proj"
"CD",2016,144.217557586034,"proj"
"CD",2017,156.374601202908,"proj"
"CD",2018,173.766339428352,"proj"
"CD",2019,193.354688797186,"proj"
"CD",2020,212.558332830245,"proj"
"CF",2000,,"actual"
"CF",2001,44.2350479019549,"actual"
"CF",2002,53.5754538608649,"actual"
"CF",2003,32.7465934038713,"actual"
"CF",2004,39.7427561825424,"actual"
"CF",2005,45.4113458357766,"actual"
"CF",2006,92.3552468649881,"actual"
"CF",2007,61.277886884852,"actual"
"CF",2008,74.1326234803324,"actual"
"CF",2009,83.9734209631946,"actual"
"CF",2010,94.2908419066018,"actual"
"CF",2011,77.1932572842196,"actual"
"CF",2012,102.068221534924,"actual"
"CF",2013,37.6896136705196,"actual"
"CF",2014,48.460861412816,"proj"
"CF",2015,74.9702167247065,"proj"
"CF",2016,,"proj"
"CF",2017,,"proj"
"CF",2018,,"proj"
"CF",2019,,"proj"
"CF",2020,,"proj"
"CG",2000,986.742597656715,"actual"
"CG",2001,856.071639800412,"actual"
"CG",2002,743.669075229512,"actual"
"CG",2003,738.959345538669,"actual"
"CG",2004,1019.09084264198,"actual"
"CG",2005,2007.22799324241,"actual"
"CG",2006,3332.55977489809,"actual"
"CG",2007,2879.26872752329,"actual"
"CG",2008,5532.13090550238,"actual"
"CG",2009,2281.36137492897,"actual"
"CG",2010,4472.61523401226,"actual"
"CG",2011,6238.97652991614,"actual"
"CG",2012,6160.73105984005,"actual"
"CG",2013,5839.57835645713,"actual"
"CG",2014,4926.71736918063,"actual"
"CG",2015,2856.25601601335,"proj"
"CG",2016,3212.99759739043,"proj"
"CG",2017,4033.46905349859,"proj"
"CG",2018,4243.56857997108,"proj"
"CG",2019,4067.15453293233,"proj"
"CG",2020,3830.58402541636,"proj"
"CI",2000,,"actual"
"CI",2001,,"actual"
"CI",2002,,"actual"
"CI",2003,,"actual"
"CI",2004,260.863334747175,"actual"
"CI",2005,267.555143649192,"actual"
"CI",2006,292.682125120326,"actual"
"CI",2007,318.062986961495,"actual"
"CI",2008,387.593900579101,"actual"
"CI",2009,380.268712656556,"actual"
"CI",2010,411.931699610347,"actual"
"CI",2011,317.837273949285,"actual"
"CI",2012,482.531054366398,"actual"
"CI",2013,563.59057928376,"actual"
"CI",2014,600.087738779489,"actual"
"CI",2015,708.285117295622,"actual"
"CI",2016,783.284346670896,"proj"
"CI",2017,858.645986248426,"proj"
"CI",2018,942.673617603108,"proj"
"CI",2019,1028.18217616867,"proj"
"CI",2020,1117.23418698738,"proj"
"CL",2000,774.674495667892,"actual"
"CL",2001,857.961929632783,"actual"
"CL",2002,885.913544468547,"actual"
"CL",2003,1001.93827391786,"actual"
"CL",2004,1286.09292306483,"actual"
"CL",2005,1674.8291681787,"actual"
"CL",2006,2376.89895968861,"actual"
"CL",2007,2843.6897609061,"actual"
"CL",2008,2780.84499080177,"actual"
"CL",2009,2302.62003425908,"actual"
"CL",2010,3213.36890531742,"actual"
"CL",2011,3807.15673320427,"actual"
"CL",2012,3952.3430802458,"actual"
"CL",2013,3999.33234164036,"actual"
"CL",2014,4447.02403965217,"actual"
"CL",2015,4789.42965259108,"proj"
"CL",2016,5666.07603921005,"proj"
"CL",2017,,"proj"
"CL",2018,,"proj"
"CL",2019,,"proj"
"CL",2020,,"proj"
"CM",2000,,"actual"
"CM",2001,,"actual"
"CM",2002,261.495187630604,"actual"
"CM",2003,284.781052069734,"actual"
"CM",2004,240.118118998698,"actual"
"CM",2005,296.392684146862,"actual"
"CM",2006,842.915023892247,"actual"
"CM",2007,367.665052532062,"actual"
"CM",2008,413.524164277044,"actual"
"CM",2009,362.716757467449,"actual"
"CM",2010,365.96448080805,"actual"
"CM",2011,426.39262365135,"actual"
"CM",2012,461.920397698403,"actual"
"CM",2013,498.939016161781,"actual"
"CM",2014,545.452266640033,"actual"
"CM",2015,557.710088664575,"proj"
"CM",2016,561.222822993228,"proj"
"CM",2017,597.617229659225,"proj"
"CM",2018,643.276149432656,"proj"
"CM",2019,687.836448146699,"proj"
"CM",2020,731.119087468314,"proj"
"CN",2000,,"actual"
"CN",2001,,"actual"
"CN",2002,,"actual"
"CN",2003,,"actual"
"CN",2004,,"actual"
"CN",2005,465.866949426906,"actual"
"CN",2006,595.531990826668,"actual"
"CN",2007,849.024547946439,"actual"
"CN",2008,1235.99239121461,"actual"
"CN",2009,1430.34109842605,"actual"
"CN",2010,1836.66998975732,"actual"
"CN",2011,2557.77389907634,"actual"
"CN",2012,3013.86299352554,"actual"
"CN",2013,3381.05770811409,"proj"
"CN",2014,3738.42746494784,"proj"
"CN",2015,4113.04200617671,"proj"
"CN",2016,4315.88661390875,"proj"
"CN",2017,4632.32307436699,"proj"
"CN",2018,5014.98290383716,"proj"
"CN",2019,5440.42371372671,"proj"
"CN",2020,5946.34423261886,"proj"
"CO",2000,586.356103335817,"actual"
"CO",2001,703.651217940905,"actual"
"CO",2002,797.125208047831,"actual"
"CO",2003,952.66815844095,"actual"
"CO",2004,1148.41837012765,"actual"
"CO",2005,1143.8746075871,"actual"
"CO",2006,1410.49732036893,"actual"
"CO",2007,1638.09572400194,"actual"
"CO",2008,1875.78541631578,"actual"
"CO",2009,2045.39880938821,"actual"
"CO",2010,2215.93546690653,"actual"
"CO",2011,2723.77471220074,"actual"
"CO",2012,3156.06143356125,"actual"
"CO",2013,3356.57854563857,"actual"
"CO",2014,3562.01077126172,"actual"
"CO",2015,3708.16567800201,"actual"
"CO",2016,3893.32292659639,"proj"
"CO",2017,4288.56600699568,"proj"
"CO",2018,4688.71286848014,"proj"
"CO",2019,5127.46199851429,"proj"
"CO",2020,5585.14527538814,"proj"
"CO",2021,6054.47872708197,"proj"
"CR",2000,,"actual"
"CR",2001,,"actual"
"CR",2002,,"actual"
"CR",2003,,"actual"
"CR",2004,,"actual"
"CR",2005,,"actual"
"CR",2006,584.097924953316,"actual"
"CR",2007,809.027988001592,"actual"
"CR",2008,1060.00839227918,"actual"
"CR",2009,1074.39223225296,"actual"
"CR",2010,1253.61317624341,"actual"
"CR",2011,1432.63312368019,"actual"
"CR",2012,1596.60272679141,"actual"
"CR",2013,1780.1295493082,"actual"
"CR",2014,1964.62084972396,"actual"
"CR",2015,2184.73641202779,"actual"
"CR",2016,2502.98810426405,"proj"
"CR",2017,2916.67287636575,"proj"
"CR",2018,3295.24858528644,"proj"
"CR",2019,3645.78242346645,"proj"
"CR",2020,4000.01515149462,"proj"
"CR",2021,4383.5062816765,"proj"
"CV",2000,,"actual"
"CV",2001,747.680257360009,"actual"
"CV",2002,891.127332882771,"actual"
"CV",2003,848.806376315293,"actual"
"CV",2004,1062.55053074586,"actual"
"CV",2005,1011.90616288493,"actual"
"CV",2006,1201.30606042848,"actual"
"CV",2007,1390.65321118931,"actual"
"CV",2008,1602.90320509434,"actual"
"CV",2009,1523.99458522642,"actual"
"CV",2010,1615.37257020976,"actual"
"CV",2011,1615.28756355465,"actual"
"CV",2012,1456.94224517522,"actual"
"CV",2013,1552.6999795302,"actual"
"CV",2014,1743.30010492078,"proj"
"CV",2015,1774.92328552059,"proj"
"CV",2016,1921.32238149644,"proj"
"CV",2017,2077.60529997751,"proj"
"CV",2018,,"proj"
"CV",2019,,"proj"
"CV",2020,,"proj"
"DJ",2000,293.275738411113,"actual"
"DJ",2001,274.914049858707,"actual"
"DJ",2002,287.77906293996,"actual"
"DJ",2003,350.283325448867,"actual"
"DJ",2004,390.466505344285,"actual"
"DJ",2005,434.172623284211,"actual"
"DJ",2006,446.953988732283,"actual"
"DJ",2007,506.965297598138,"actual"
"DJ",2008,745.466881750956,"actual"
"DJ",2009,694.976630657694,"actual"
"DJ",2010,724.812488333849,"actual"
"DJ",2011,785.998587206939,"actual"
"DJ",2012,875.230814581921,"actual"
"DJ",2013,864.918923916966,"proj"
"DJ",2014,1057.82465319642,"proj"
"DJ",2015,1143.69037774521,"proj"
"DJ",2016,1177.2984609846,"proj"
"DJ",2017,1239.99121902406,"proj"
"DJ",2018,1200.94415841139,"proj"
"DJ",2019,1303.91787266364,"proj"
"DJ",2020,,"proj"
"DM",2000,1534.81953313083,"actual"
"DM",2001,1890.86630114093,"actual"
"DM",2002,1413.82682999625,"actual"
"DM",2003,1474.98561242048,"actual"
"DM",2004,1958.30092265862,"actual"
"DM",2005,1963.78935349804,"actual"
"DM",2006,2242.5101416532,"actual"
"DM",2007,2508.9537955119,"actual"
"DM",2008,3032.40844704272,"actual"
"DM",2009,3494.43628114396,"actual"
"DM",2010,3647.18629826432,"actual"
"DM",2011,3795.23172911568,"actual"
"DM",2012,3149.12046036513,"proj"
"DM",2013,3224.34173733469,"proj"
"DM",2014,3301.14586546469,"proj"
"DM",2015,3374.23068655006,"proj"
"DM",2016,3465.22981937755,"proj"
"DM",2017,3637.12155096377,"proj"
"DM",2018,3852.11725065008,"proj"
"DM",2019,,"proj"
"DM",2020,,"proj"
"DO",2000,,"actual"
"DO",2001,,"actual"
"DO",2002,,"actual"
"DO",2003,,"actual"
"DO",2004,,"actual"
"DO",2005,,"actual"
"DO",2006,,"actual"
"DO",2007,894.273188616871,"actual"
"DO",2008,1015.33878677036,"actual"
"DO",2009,956.421020918322,"actual"
"DO",2010,1129.44300010929,"proj"
"DO",2011,1375.10092415499,"proj"
"DO",2012,,"proj"
"DO",2013,,"proj"
"DO",2014,,"proj"
"DO",2015,,"proj"
"DO",2016,,"proj"
"DO",2017,,"proj"
"DO",2018,,"proj"
"DO",2019,,"proj"
"DO",2020,,"proj"
"DZ",2000,754.325300098397,"actual"
"DZ",2001,693.470327854875,"actual"
"DZ",2002,750.485520696839,"actual"
"DZ",2003,972.897545587427,"actual"
"DZ",2004,1223.76417180618,"actual"
"DZ",2005,1948.20664094516,"actual"
"DZ",2006,2505.50521416473,"actual"
"DZ",2007,2661.15024352489,"actual"
"DZ",2008,4229.39075603966,"actual"
"DZ",2009,2608.83535967248,"actual"
"DZ",2010,3548.26158653402,"actual"
"DZ",2011,5398.67219828513,"actual"
"DZ",2012,6307.08835238483,"actual"
"DZ",2013,5730.18707703287,"actual"
"DZ",2014,5556.33828155962,"proj"
"DZ",2015,5073.48683573028,"proj"
"DZ",2016,5476.71421664499,"proj"
"DZ",2017,6238.33748572694,"proj"
"DZ",2018,6864.29791284114,"proj"
"DZ",2019,7482.54202310787,"proj"
"DZ",2020,,"proj"
"EG",2000,,"actual"
"EG",2001,,"actual"
"EG",2002,,"actual"
"EG",2003,,"actual"
"EG",2004,259.524596949011,"actual"
"EG",2005,290.499014899305,"actual"
"EG",2006,403.670326648927,"actual"
"EG",2007,520.955499231294,"actual"
"EG",2008,692.960458934621,"actual"
"EG",2009,870.753525701992,"actual"
"EG",2010,940.343944071752,"actual"
"EG",2011,1166.17809188581,"actual"
"EG",2012,1357.55313115768,"actual"
"EG",2013,1667.36320252576,"actual"
"EG",2014,2239.97173801007,"actual"
"EG",2015,2536.71237800998,"proj"
"EG",2016,2832.64546857592,"proj"
"EG",2017,3689.17723661257,"proj"
"EG",2018,4579.46831399229,"proj"
"EG",2019,5381.37004566338,"proj"
"EG",2020,,"proj"
"ET",2000,4.61299148183285,"actual"
"ET",2001,4.85815932368689,"actual"
"ET",2002,4.56005457597696,"actual"
"ET",2003,5.92519369724823,"actual"
"ET",2004,6.9683467563581,"actual"
"ET",2005,8.324699909513,"actual"
"ET",2006,10.8215294422005,"actual"
"ET",2007,14.930519208478,"actual"
"ET",2008,25.7799157813125,"actual"
"ET",2009,42.8195451893213,"actual"
"ET",2010,52.834989264197,"actual"
"ET",2011,80.5342661191732,"actual"
"ET",2012,142.936978345184,"actual"
"ET",2013,176.078457646973,"actual"
"ET",2014,221.501346947835,"actual"
"ET",2015,291.270581045409,"actual"
"ET",2016,400.162513083518,"actual"
"ET",2017,503.04334166037,"proj"
"ET",2018,631.271334809339,"proj"
"ET",2019,803.434525458649,"proj"
"ET",2020,1031.90983704288,"proj"
"ET",2021,1307.99012756997,"proj"
"FJ",2000,,"actual"
"FJ",2001,,"actual"
"FJ",2002,,"actual"
"FJ",2003,,"actual"
"FJ",2004,,"actual"
"FJ",2005,893.054904902826,"actual"
"FJ",2006,1053.93266062001,"actual"
"FJ",2007,1066.34785033611,"actual"
"FJ",2008,1121.41638124723,"actual"
"FJ",2009,1091.13682365178,"actual"
"FJ",2010,1227.57472600905,"actual"
"FJ",2011,1563.35374683118,"actual"
"FJ",2012,1718.18432619316,"actual"
"FJ",2013,1920.49638291474,"actual"
"FJ",2014,2258.20278612825,"actual"
"FJ",2015,2547.65990317654,"proj"
"FJ",2016,2887.10029011222,"proj"
"FJ",2017,3178.2559576871,"proj"
"FJ",2018,3504.05728574326,"proj"
"FJ",2019,3863.16838447381,"proj"
"FJ",2020,4249.12283224661,"proj"
"FM",2000,953.112942185729,"actual"
"FM",2001,914.612070052041,"actual"
"FM",2002,1049.17549175937,"actual"
"FM",2003,1110.80166404188,"actual"
"FM",2004,880.142923706692,"actual"
"FM",2005,913.890364276366,"actual"
"FM",2006,961.965478843933,"actual"
"FM",2007,1042.68828030236,"actual"
"FM",2008,1127.13990465392,"actual"
"FM",2009,1459.89667236845,"actual"
"FM",2010,1640.30164075986,"actual"
"FM",2011,1682.19466682414,"actual"
"FM",2012,1900.62423251815,"actual"
"FM",2013,1740.17773229213,"actual"
"FM",2014,1998.10735687342,"actual"
"FM",2015,1826.70183511982,"proj"
"FM",2016,1832.56456530763,"proj"
"FM",2017,1894.5541182558,"proj"
"FM",2018,1964.17377828816,"proj"
"FM",2019,2021.3804434582,"proj"
"FM",2020,2101.44431238884,"proj"
"GA",2000,2787.08184428469,"actual"
"GA",2001,2477.28320981048,"actual"
"GA",2002,2253.63046581963,"actual"
"GA",2003,2152.67498737786,"actual"
"GA",2004,2419.23787152388,"actual"
"GA",2005,3636.44897884045,"actual"
"GA",2006,4247.4549262744,"actual"
"GA",2007,4502.59073737129,"actual"
"GA",2008,6310.21384811032,"actual"
"GA",2009,4167.31311248148,"actual"
"GA",2010,5095.89941750527,"actual"
"GA",2011,7448.0533257143,"actual"
"GA",2012,7438.86310501193,"actual"
"GA",2013,6676.75879816334,"actual"
"GA",2014,5846.3634546643,"actual"
"GA",2015,4009.80939755182,"actual"
"GA",2016,3412.99571447393,"proj"
"GA",2017,3932.40341425122,"proj"
"GA",2018,4429.17749773443,"proj"
"GA",2019,4951.44080904248,"proj"
"GA",2020,5464.62721210564,"proj"
"GA",2021,5989.64249172133,"proj"
"GD",2000,1294.15755484853,"actual"
"GD",2001,1321.90825742374,"actual"
"GD",2002,1279.8550778458,"actual"
"GD",2003,1657.54581956082,"actual"
"GD",2004,1583.60695531706,"actual"
"GD",2005,2141.79704085977,"actual"
"GD",2006,2225.07218513351,"actual"
"GD",2007,1963.58962019283,"actual"
"GD",2008,2561.84705942046,"actual"
"GD",2009,2250.95178687015,"actual"
"GD",2010,2424.11180622291,"actual"
"GD",2011,2351.85583823745,"actual"
"GD",2012,2212.28773173738,"actual"
"GD",2013,2382.80940610457,"actual"
"GD",2014,3049.72835051154,"actual"
"GD",2015,3352.26259899666,"actual"
"GD",2016,3425.29609610635,"proj"
"GD",2017,3802.5741605384,"proj"
"GD",2018,4109.66116632153,"proj"
"GD",2019,4431.59953989707,"proj"
"GD",2020,4718.75851347149,"proj"
"GD",2021,5070.63311881209,"proj"
"GE",2000,103.168536341931,"actual"
"GE",2001,129.892446899916,"actual"
"GE",2002,174.51670036697,"actual"
"GE",2003,185.966712801978,"actual"
"GE",2004,318.085347466757,"actual"
"GE",2005,435.8980402437,"actual"
"GE",2006,648.555881682006,"actual"
"GE",2007,972.336134699393,"actual"
"GE",2008,1271.09530241838,"actual"
"GE",2009,1133.67994862814,"actual"
"GE",2010,1389.73623497376,"actual"
"GE",2011,1806.19572098416,"actual"
"GE",2012,2030.98889142964,"actual"
"GE",2013,2002.78768823542,"actual"
"GE",2014,2278.14354923798,"actual"
"GE",2015,2654.87261455003,"proj"
"GE",2016,3068.22125982386,"proj"
"GE",2017,3462.08398785893,"proj"
"GE",2018,3886.5218426167,"proj"
"GE",2019,4341.79266844744,"proj"
"GE",2020,,"proj"
"GH",2000,,"actual"
"GH",2001,,"actual"
"GH",2002,,"actual"
"GH",2003,,"actual"
"GH",2004,,"actual"
"GH",2005,,"actual"
"GH",2006,,"actual"
"GH",2007,,"actual"
"GH",2008,,"actual"
"GH",2009,,"actual"
"GH",2010,,"actual"
"GH",2011,210.171254121028,"actual"
"GH",2012,287.548434581861,"actual"
"GH",2013,363.488248421314,"actual"
"GH",2014,552.31119932492,"actual"
"GH",2015,822.501209497471,"actual"
"GH",2016,1115.78114871754,"proj"
"GH",2017,1404.21319641865,"proj"
"GH",2018,1607.23476841518,"proj"
"GH",2019,,"proj"
"GH",2020,,"proj"
"GM",2000,24.0668924090127,"actual"
"GM",2001,27.1153345171957,"actual"
"GM",2002,41.5083700023442,"actual"
"GM",2003,61.0957553384941,"actual"
"GM",2004,112.110749102103,"actual"
"GM",2005,103.859012611032,"actual"
"GM",2006,116.75610827618,"actual"
"GM",2007,135.406048927894,"actual"
"GM",2008,137.337151881171,"actual"
"GM",2009,184.16969981674,"actual"
"GM",2010,191.430281927183,"actual"
"GM",2011,215.968946822608,"actual"
"GM",2012,288.99207662719,"actual"
"GM",2013,240.622985554526,"actual"
"GM",2014,321.752024591093,"actual"
"GM",2015,391.334242026905,"proj"
"GM",2016,470.91206977534,"proj"
"GM",2017,545.18276066538,"proj"
"GM",2018,626.961900651345,"proj"
"GM",2019,711.061788897106,"proj"
"GM",2020,792.254259524403,"proj"
"GN",2000,3.57695460840388,"actual"
"GN",2001,4.33574241646787,"actual"
"GN",2002,4.34213414818319,"actual"
"GN",2003,5.37617829766506,"actual"
"GN",2004,6.62957888300658,"actual"
"GN",2005,13.1327660656829,"actual"
"GN",2006,25.9610269722193,"actual"
"GN",2007,31.2569074701949,"actual"
"GN",2008,44.4464238749779,"actual"
"GN",2009,50.5009113803417,"actual"
"GN",2010,68.7445277868626,"actual"
"GN",2011,128.340803599747,"actual"
"GN",2012,188.070660782011,"actual"
"GN",2013,183.766851272809,"actual"
"GN",2014,275.073271986207,"actual"
"GN",2015,283.04925830201,"proj"
"GN",2016,346.721271347947,"proj"
"GN",2017,433.788052247255,"proj"
"GN",2018,,"proj"
"GN",2019,,"proj"
"GQ",2000,,"actual"
"GQ",2001,,"actual"
"GQ",2002,,"actual"
"GQ",2003,,"actual"
"GQ",2004,,"actual"
"GQ",2005,,"actual"
"GQ",2006,11875.0657214473,"actual"
"GQ",2007,13049.3814123022,"actual"
"GQ",2008,20108.0240171781,"actual"
"GQ",2009,12005.8352432171,"actual"
"GQ",2010,13250.0613266768,"actual"
"GQ",2011,19967.2415934106,"actual"
"GQ",2012,22841.176936048,"actual"
"GQ",2013,18524.4308025798,"actual"
"GQ",2014,17033.9318410305,"actual"
"GQ",2015,9828.94255262915,"proj"
"GQ",2016,8819.35677325324,"proj"
"GQ",2017,8925.18710172745,"proj"
"GQ",2018,8794.65089619439,"proj"
"GQ",2019,8523.05607193975,"proj"
"GQ",2020,8281.21872130042,"proj"
"GT",2000,173.665272701544,"actual"
"GT",2001,201.76433945758,"actual"
"GT",2002,238.862201456055,"actual"
"GT",2003,255.519304367571,"actual"
"GT",2004,284.393137079851,"actual"
"GT",2005,311.3218935697,"actual"
"GT",2006,374.157994162613,"actual"
"GT",2007,449.412552033841,"actual"
"GT",2008,507.99638661053,"actual"
"GT",2009,490.980683976475,"actual"
"GT",2010,553.791563726924,"actual"
"GT",2011,666.572082538014,"actual"
"GT",2012,713.847713271341,"actual"
"GT",2013,773.032761010535,"actual"
"GT",2014,812.490524034449,"proj"
"GT",2015,887.910369151371,"proj"
"GT",2016,985.12540522495,"proj"
"GT",2017,1073.44846488218,"proj"
"GT",2018,1174.57356392789,"proj"
"GT",2019,1284.98069944362,"proj"
"GT",2020,,"proj"
"GW",2000,,"actual"
"GW",2001,101.162805944687,"actual"
"GW",2002,67.1578032527202,"actual"
"GW",2003,72.0311064764233,"actual"
"GW",2004,97.221307236376,"actual"
"GW",2005,98.7734021598516,"actual"
"GW",2006,99.1716632167915,"actual"
"GW",2007,107.766478904346,"actual"
"GW",2008,196.797828010506,"actual"
"GW",2009,204.983713336088,"actual"
"GW",2010,178.965222356887,"actual"
"GW",2011,204.670377669861,"actual"
"GW",2012,132.594738746606,"actual"
"GW",2013,130.073464924361,"actual"
"GW",2014,261.809884332173,"actual"
"GW",2015,274.595314187979,"proj"
"GW",2016,321.15438263443,"proj"
"GW",2017,323.069983481171,"proj"
"GW",2018,355.011812542959,"proj"
"GW",2019,391.087149373205,"proj"
"GW",2020,430.36272802348,"proj"
"GY",2000,,"actual"
"GY",2001,,"actual"
"GY",2002,,"actual"
"GY",2003,,"actual"
"GY",2004,,"actual"
"GY",2005,,"actual"
"GY",2006,666.909303156988,"actual"
"GY",2007,851.692310009536,"actual"
"GY",2008,965.963632320386,"actual"
"GY",2009,1145.40652216191,"actual"
"GY",2010,1246.78149311544,"actual"
"GY",2011,1496.00069843854,"actual"
"GY",2012,1764.46692768305,"actual"
"GY",2013,1831.96345809214,"proj"
"GY",2014,2078.08911048597,"proj"
"GY",2015,2353.43689117078,"proj"
"GY",2016,2532.96796837696,"proj"
"GY",2017,2825.96135021238,"proj"
"GY",2018,2857.89447034963,"proj"
"GY",2019,,"proj"
"GY",2020,,"proj"
"HN",2000,123.149199320677,"actual"
"HN",2001,154.057950571019,"actual"
"HN",2002,167.993904565319,"actual"
"HN",2003,196.65472261549,"actual"
"HN",2004,241.672280175735,"actual"
"HN",2005,245.951343600519,"actual"
"HN",2006,296.354926239191,"actual"
"HN",2007,358.807732305076,"actual"
"HN",2008,458.542768242338,"actual"
"HN",2009,436.722594020883,"actual"
"HN",2010,483.13700548589,"actual"
"HN",2011,582.395749147166,"actual"
"HN",2012,630.37679019878,"actual"
"HN",2013,666.682854905052,"actual"
"HN",2014,816.296518015643,"actual"
"HN",2015,919.32983238364,"proj"
"HN",2016,1006.22402267499,"proj"
"HN",2017,1116.76250104585,"proj"
"HN",2018,1245.83208537777,"proj"
"HN",2019,1393.35312111077,"proj"
"HN",2020,1550.5122301873,"proj"
"HT",2000,,"actual"
"HT",2001,,"actual"
"HT",2002,,"actual"
"HT",2003,,"actual"
"HT",2004,28.4674172639916,"actual"
"HT",2005,50.7990883309689,"actual"
"HT",2006,69.0944630619786,"actual"
"HT",2007,96.0614527986651,"actual"
"HT",2008,116.602504350942,"actual"
"HT",2009,149.949729650092,"actual"
"HT",2010,208.383142098952,"actual"
"HT",2011,229.477959228902,"actual"
"HT",2012,275.773023520252,"actual"
"HT",2013,286.479684707204,"actual"
"HT",2014,296.854551048393,"actual"
"HT",2015,359.173729232326,"proj"
"HT",2016,,"proj"
"HT",2017,,"proj"
"HT",2018,,"proj"
"HT",2019,,"proj"
"ID",2000,,"actual"
"ID",2001,,"actual"
"ID",2002,,"actual"
"ID",2003,,"actual"
"ID",2004,,"actual"
"ID",2005,,"actual"
"ID",2006,,"actual"
"ID",2007,481.115509577424,"actual"
"ID",2008,768.794701742396,"actual"
"ID",2009,706.004534733197,"actual"
"ID",2010,885.295844303214,"actual"
"ID",2011,1135.46914664537,"actual"
"ID",2012,1295.90784767785,"actual"
"ID",2013,1453.67226634086,"actual"
"ID",2014,1633.70888194588,"actual"
"ID",2015,1640.28707473411,"actual"
"ID",2016,1737.64106420855,"proj"
"ID",2017,,"proj"
"ID",2018,,"proj"
"ID",2019,,"proj"
"ID",2020,,"proj"
"IN",1999,98.1061093275683,"actual"
"IN",2000,109.704148887991,"actual"
"IN",2001,106.335126835204,"actual"
"IN",2002,122.26683089557,"actual"
"IN",2003,143.664812955733,"actual"
"IN",2004,177.316014808831,"actual"
"IN",2005,209.213189495224,"actual"
"IN",2006,272.326604266181,"actual"
"IN",2007,356.097287577284,"actual"
"IN",2008,386.607323181349,"actual"
"IN",2009,441.141802487316,"actual"
"IN",2010,573.754258272778,"actual"
"IN",2011,682.486990957136,"actual"
"IN",2012,840.956681993556,"actual"
"IN",2013,1006.54306013766,"actual"
"IN",2014,1123.00311514406,"proj"
"IN",2015,1312.02606483153,"proj"
"IN",2016,1530.29195586397,"proj"
"IN",2017,,"proj"
"IN",2018,,"proj"
"IN",2019,,"proj"
"IQ",2000,,"actual"
"IQ",2001,,"actual"
"IQ",2002,,"actual"
"IQ",2003,,"actual"
"IQ",2004,1429.71890180513,"actual"
"IQ",2005,3143.21431397264,"actual"
"IQ",2006,4450.31635072499,"actual"
"IQ",2007,5139.3762317356,"actual"
"IQ",2008,8884.76919995464,"actual"
"IQ",2009,4653.88548687279,"actual"
"IQ",2010,7112.16294036771,"actual"
"IQ",2011,12286.6832392679,"actual"
"IQ",2012,14038.0278151541,"actual"
"IQ",2013,13225.6590023737,"actual"
"IQ",2014,11113.1710759351,"actual"
"IQ",2015,6538.25068837044,"proj"
"IQ",2016,6651.32620651338,"proj"
"IQ",2017,8225.00297352303,"proj"
"IQ",2018,9455.66390002577,"proj"
"IQ",2019,10456.414069751,"proj"
"IQ",2020,12125.1432873962,"proj"
"IR",2000,,"actual"
"IR",2001,,"actual"
"IR",2002,,"actual"
"IR",2003,,"actual"
"IR",2004,,"actual"
"IR",2005,,"actual"
"IR",2006,,"actual"
"IR",2007,411.314604532651,"actual"
"IR",2008,494.606331479203,"actual"
"IR",2009,495.499605518494,"actual"
"IR",2010,652.714346561179,"actual"
"IR",2011,992.40588409329,"actual"
"IR",2012,1006.71615346406,"actual"
"IR",2013,1743.13328690041,"actual"
"IR",2014,2338.52095231999,"actual"
"IR",2015,2374.31418875966,"proj"
"IR",2016,3248.27368277789,"proj"
"IR",2017,4178.12529679559,"proj"
"IR",2018,4858.58247385506,"proj"
"IR",2019,5565.90186589158,"proj"
"IR",2020,6326.0608127616,"proj"
"JM",1999,119.831818183292,"actual"
"JM",2000,146.960890387434,"actual"
"JM",2001,159.591697167717,"actual"
"JM",2002,199.785890858616,"actual"
"JM",2003,274.768688010245,"actual"
"JM",2004,362.856420763431,"actual"
"JM",2005,437.573081936838,"actual"
"JM",2006,536.468166907971,"actual"
"JM",2007,708.989560722138,"actual"
"JM",2008,878.835031080177,"actual"
"JM",2009,1051.83204184824,"actual"
"JM",2010,1205.23884347258,"actual"
"JM",2011,1304.02339771743,"actual"
"JM",2012,1476.44077115403,"actual"
"JM",2013,1838.69738320426,"actual"
"JM",2014,2032.61609296119,"actual"
"JM",2015,2398.19720319687,"actual"
"JM",2016,2632.53418409053,"proj"
"JM",2017,2870.48941712921,"proj"
"JM",2018,3222.42441278688,"proj"
"JM",2019,3653.25753514303,"proj"
"JM",2020,4149.98049989491,"proj"
"JM",2021,4713.62333594587,"proj"
"JO",2000,556.838235570113,"actual"
"JO",2001,589.4937169546,"actual"
"JO",2002,609.711783868789,"actual"
"JO",2003,761.87130882793,"actual"
"JO",2004,903.454814597715,"actual"
"JO",2005,896.566694242925,"actual"
"JO",2006,1112.26291819999,"actual"
"JO",2007,1273.34845149747,"actual"
"JO",2008,1749.89673981769,"actual"
"JO",2009,1646.82087928784,"actual"
"JO",2010,1788.64434952469,"actual"
"JO",2011,2130.24308942354,"actual"
"JO",2012,2008.58105571235,"actual"
"JO",2013,2342.47660969168,"actual"
"JO",2014,2903.25297562263,"actual"
"JO",2015,2886.4200458785,"proj"
"JO",2016,3205.85709826378,"proj"
"JO",2017,3455.11466011275,"proj"
"JO",2018,3714.17936976163,"proj"
"JO",2019,3999.66130777858,"proj"
"JO",2020,4316.83760969269,"proj"
"KE",2000,,"actual"
"KE",2001,,"actual"
"KE",2002,,"actual"
"KE",2003,,"actual"
"KE",2004,,"actual"
"KE",2005,86.9951251032911,"actual"
"KE",2006,102.069814774989,"actual"
"KE",2007,125.905317485742,"actual"
"KE",2008,166.350748153633,"actual"
"KE",2009,200.398988546157,"actual"
"KE",2010,224.322192463259,"actual"
"KE",2011,292.277179896906,"actual"
"KE",2012,345.176918966924,"actual"
"KE",2013,402.69324110634,"actual"
"KE",2014,487.602130989967,"actual"
"KE",2015,586.187927568722,"actual"
"KE",2016,704.386599731507,"proj"
"KE",2017,827.636891770162,"proj"
"KE",2018,960.729149176406,"proj"
"KE",2019,1115.89155723555,"proj"
"KE",2020,1288.06531843047,"proj"
"KG",2000,,"actual"
"KG",2001,,"actual"
"KG",2002,,"actual"
"KG",2003,,"actual"
"KG",2004,69.7103355321902,"actual"
"KG",2005,84.6298819806099,"actual"
"KG",2006,110.459182580518,"actual"
"KG",2007,180.259221744329,"actual"
"KG",2008,286.831932790926,"actual"
"KG",2009,338.79505498277,"actual"
"KG",2010,383.613815402258,"actual"
"KG",2011,627.309444058892,"actual"
"KG",2012,776.879174291724,"actual"
"KG",2013,889.064562096164,"proj"
"KG",2014,971.079427181265,"proj"
"KG",2015,1088.15287649969,"proj"
"KG",2016,,"proj"
"KG",2017,,"proj"
"KG",2018,,"proj"
"KG",2019,,"proj"
"KG",2020,,"proj"
"KH",2006,164.254640895421,"actual"
"KH",2007,202.846970306293,"actual"
"KH",2008,312.86378905926,"actual"
"KH",2009,313.288094803826,"actual"
"KH",2010,374.918920552023,"actual"
"KH",2011,385.487127945034,"actual"
"KH",2012,454.119802113416,"actual"
"KH",2013,534.889660420856,"actual"
"KH",2014,633.266274944378,"proj"
"KH",2015,672.657878304581,"proj"
"KH",2016,760.069011244111,"proj"
"KH",2017,,"proj"
"KH",2018,,"proj"
"KH",2019,,"proj"
"KH",2020,,"proj"
"KI",2000,,"actual"
"KI",2001,,"actual"
"KI",2002,,"actual"
"KI",2003,,"actual"
"KI",2004,1618.50453415151,"actual"
"KI",2005,1156.49969002032,"actual"
"KI",2006,1125.29631621233,"actual"
"KI",2007,831.227891602785,"actual"
"KI",2008,971.517047250281,"actual"
"KI",2009,992.919193256416,"actual"
"KI",2010,1019.31429822329,"actual"
"KI",2011,891.273262348845,"actual"
"KI",2012,1295.62334101233,"actual"
"KI",2013,1482.40520675309,"actual"
"KI",2014,2187.68195555555,"actual"
"KI",2015,1836.85710001499,"proj"
"KI",2016,1684.35633187854,"proj"
"KI",2017,1739.75091171954,"proj"
"KI",2018,1700.22484585717,"proj"
"KI",2019,1546.32812863595,"proj"
"KM",2000,76.1815621531446,"actual"
"KM",2001,115.717097691614,"actual"
"KM",2002,142.883999652682,"actual"
"KM",2003,139.175033164988,"actual"
"KM",2004,142.718302885256,"actual"
"KM",2005,166.541295731182,"actual"
"KM",2006,160.955979676792,"actual"
"KM",2007,189.033466846984,"actual"
"KM",2008,238.716351210006,"actual"
"KM",2009,259.070266936784,"actual"
"KM",2010,345.135421828235,"actual"
"KM",2011,303.676216731608,"actual"
"KM",2012,391.52847565601,"actual"
"KM",2013,632.671504518947,"actual"
"KM",2014,370.750346394001,"proj"
"KM",2015,391.052641821144,"proj"
"KM",2016,423.008747810317,"proj"
"KM",2017,453.269371926901,"proj"
"KM",2018,485.766879935674,"proj"
"KM",2019,,"proj"
"KM",2020,,"proj"
"KN",2000,,"actual"
"KN",2001,2110.2448420645,"actual"
"KN",2002,2624.82318859547,"actual"
"KN",2003,2591.4717999151,"actual"
"KN",2004,3044.36314100817,"actual"
"KN",2005,3755.26724829408,"actual"
"KN",2006,4595.92216561234,"actual"
"KN",2007,4949.31977801674,"actual"
"KN",2008,5284.20690584349,"actual"
"KN",2009,5507.22832229012,"actual"
"KN",2010,5217.56045126229,"actual"
"KN",2011,6970.95419625343,"actual"
"KN",2012,6909.00773381057,"actual"
"KN",2013,9384.93354163811,"actual"
"KN",2014,9594.9160419974,"actual"
"KN",2015,8771.23977344241,"proj"
"KN",2016,7284.68009699889,"proj"
"KN",2017,7090.67386273861,"proj"
"KN",2018,7187.7038146134,"proj"
"KN",2019,7629.87613044964,"proj"
"KN",2020,7965.7440374188,"proj"
"KZ",2000,,"actual"
"KZ",2001,,"actual"
"KZ",2002,132.747669717673,"actual"
"KZ",2003,202.966567427331,"actual"
"KZ",2004,277.316447701229,"actual"
"KZ",2005,495.371871619983,"actual"
"KZ",2006,789.650383932939,"actual"
"KZ",2007,1207.36196891701,"actual"
"KZ",2008,1801.8881416533,"actual"
"KZ",2009,1468.6077888191,"actual"
"KZ",2010,2399.84838392788,"actual"
"KZ",2011,4333.33518378111,"actual"
"KZ",2012,4769.1776102279,"actual"
"KZ",2013,5569.58458739723,"actual"
"KZ",2014,6112.03308368775,"actual"
"KZ",2015,4942.24159697559,"proj"
"KZ",2016,6265.70720996189,"proj"
"KZ",2017,7604.58213538252,"proj"
"KZ",2018,8930.77702992449,"proj"
"KZ",2019,10179.1427314142,"proj"
"KZ",2020,11743.0554807362,"proj"
"LA",2000,53.8518192906724,"actual"
"LA",2001,66.6465742291938,"actual"
"LA",2002,79.3557178956431,"actual"
"LA",2003,92.568979066354,"actual"
"LA",2004,111.784548995608,"actual"
"LA",2005,148.464801851859,"actual"
"LA",2006,213.019813581686,"actual"
"LA",2007,269.285795017673,"actual"
"LA",2008,325.026137233851,"actual"
"LA",2009,345.980758453362,"actual"
"LA",2010,449.930041344701,"actual"
"LA",2011,664.438324532857,"actual"
"LA",2012,857.554997708512,"actual"
"LA",2013,991.481586900913,"actual"
"LA",2014,1156.115363515,"actual"
"LA",2015,1216.30311954612,"proj"
"LA",2016,,"proj"
"LA",2017,,"proj"
"LA",2018,,"proj"
"LA",2019,,"proj"
"LB",2000,1029.16201380657,"actual"
"LB",2001,935.429476148362,"actual"
"LB",2002,1179.24114231678,"actual"
"LB",2003,1289.05973444186,"actual"
"LB",2004,1414.51858409241,"actual"
"LB",2005,1337.83480508984,"actual"
"LB",2006,1509.96712505224,"actual"
"LB",2007,1666.55094990043,"actual"
"LB",2008,2064.51102146654,"actual"
"LB",2009,2679.86002988809,"actual"
"LB",2010,2612.74687577243,"actual"
"LB",2011,2922.86099693495,"actual"
"LB",2012,3255.06934685458,"actual"
"LB",2013,3333.60381276866,"actual"
"LB",2014,3920.29958974268,"actual"
"LB",2015,3828.49121750986,"proj"
"LB",2016,4162.8295837255,"proj"
"LB",2017,4415.36998342292,"proj"
"LB",2018,4706.25484297375,"proj"
"LB",2019,5066.74848045386,"proj"
"LB",2020,5446.02562102627,"proj"
"LC",2000,,"actual"
"LC",2001,,"actual"
"LC",2002,,"actual"
"LC",2003,1208.74213591742,"actual"
"LC",2004,1267.73822047714,"actual"
"LC",2005,1463.3525013058,"actual"
"LC",2006,1663.28787566145,"actual"
"LC",2007,1931.99891547993,"actual"
"LC",2008,2078.56831928105,"actual"
"LC",2009,2118.78950692967,"actual"
"LC",2010,2527.50084961702,"actual"
"LC",2011,2590.87235502768,"proj"
"LC",2012,2736.34648040638,"proj"
"LC",2013,2976.95511459414,"proj"
"LC",2014,3260.68974536834,"proj"
"LC",2015,3440.03344603192,"proj"
"LC",2016,,"proj"
"LC",2017,,"proj"
"LC",2018,,"proj"
"LC",2019,,"proj"
"LC",2020,,"proj"
"LK",2000,60.2426643604142,"actual"
"LK",2001,75.1016738647139,"actual"
"LK",2002,89.9589803198548,"actual"
"LK",2003,98.8737343639242,"actual"
"LK",2004,118.392163528289,"actual"
"LK",2005,168.973565076331,"actual"
"LK",2006,229.760889535428,"actual"
"LK",2007,305.589423178493,"actual"
"LK",2008,406.071561334857,"actual"
"LK",2009,446.695838109247,"actual"
"LK",2010,547.470430663217,"actual"
"LK",2011,670.017469558459,"actual"
"LK",2012,745.678891839849,"actual"
"LK",2013,893.640929440928,"actual"
"LK",2014,1053.33260148852,"actual"
"LK",2015,1383.54472510979,"actual"
"LK",2016,1531.37518603275,"proj"
"LK",2017,1902.90737681894,"proj"
"LK",2018,2397.12319680188,"proj"
"LK",2019,2790.58266540767,"proj"
"LK",2020,3289.45176805813,"proj"
"LR",2000,23.0773154515986,"actual"
"LR",2001,18.512725307745,"actual"
"LR",2002,19.0280873531376,"actual"
"LR",2003,16.4188156540466,"actual"
"LR",2004,18.7701200748725,"actual"
"LR",2005,27.5158754629095,"actual"
"LR",2006,29.4730251695394,"actual"
"LR",2007,55.5955088304902,"actual"
"LR",2008,83.120669997985,"actual"
"LR",2009,90.7638826555251,"actual"
"LR",2010,113.867079488311,"actual"
"LR",2011,160.340326098375,"actual"
"LR",2012,200.296458217328,"actual"
"LR",2013,244.104670519032,"actual"
"LR",2014,239.724656713169,"actual"
"LR",2015,277.952753195165,"actual"
"LR",2016,286.407221584135,"actual"
"LR",2017,299.777236270646,"proj"
"LR",2018,289.254318037147,"proj"
"LR",2019,,"proj"
"LR",2020,,"proj"
"LS",2000,,"actual"
"LS",2001,,"actual"
"LS",2002,,"actual"
"LS",2003,,"actual"
"LS",2004,,"actual"
"LS",2005,,"actual"
"LS",2006,,"actual"
"LS",2007,,"actual"
"LS",2008,,"actual"
"LS",2009,,"actual"
"LS",2010,765.836869174685,"actual"
"LS",2011,918.615114069598,"actual"
"LS",2012,1277.4181452701,"actual"
"LS",2013,1380.65409863983,"actual"
"LS",2014,1637.66746026343,"proj"
"LS",2015,1841.45121203318,"proj"
"LS",2016,2080.98868438094,"proj"
"LS",2017,2399.93090058753,"proj"
"LS",2018,2780.86175329803,"proj"
"LS",2019,3166.36076615247,"proj"
"LY",2000,,"actual"
"LY",2001,715.385092584586,"actual"
"LY",2002,1474.58099376097,"actual"
"LY",2003,2147.98168087175,"actual"
"LY",2004,3628.87495190102,"actual"
"LY",2005,7393.32128388984,"actual"
"LY",2006,9595.40850969105,"actual"
"LY",2007,12360.765236362,"actual"
"LY",2008,20275.8893630126,"actual"
"LY",2009,10654.0563948353,"actual"
"LY",2010,14196.8571422611,"actual"
"LY",2011,5943.51188091249,"actual"
"LY",2012,23327.8031404135,"actual"
"LY",2013,,"proj"
"LY",2014,,"proj"
"LY",2015,,"proj"
"LY",2016,,"proj"
"LY",2017,,"proj"
"LY",2018,,"proj"
"LY",2019,,"proj"
"LY",2020,,"proj"
"MA",2000,,"actual"
"MA",2001,772.11146799101,"actual"
"MA",2002,792.167987753041,"actual"
"MA",2003,828.540631192835,"actual"
"MA",2004,901.401417169474,"actual"
"MA",2005,996.497531359638,"actual"
"MA",2006,1172.65501977509,"actual"
"MA",2007,1405.8960229972,"actual"
"MA",2008,1749.13106093334,"actual"
"MA",2009,1613.8709523322,"actual"
"MA",2010,1788.31034858319,"actual"
"MA",2011,1865.17163425597,"actual"
"MA",2012,1972.26269261687,"actual"
"MA",2013,2080.25641259523,"actual"
"MA",2014,2143.08716421232,"proj"
"MA",2015,2135.33649438643,"proj"
"MA",2016,2320.80992372907,"proj"
"MA",2017,2451.85919743761,"proj"
"MA",2018,2641.42427881739,"proj"
"MA",2019,2870.90928885114,"proj"
"MA",2020,3116.10183387808,"proj"
"MD",2000,,"actual"
"MD",2001,,"actual"
"MD",2002,,"actual"
"MD",2003,,"actual"
"MD",2004,184.179889179426,"actual"
"MD",2005,258.710451385666,"actual"
"MD",2006,361.704108537747,"actual"
"MD",2007,525.038880476459,"actual"
"MD",2008,657.795476304377,"actual"
"MD",2009,620.219770268102,"actual"
"MD",2010,807.557407396529,"actual"
"MD",2011,948.943050404643,"actual"
"MD",2012,1137.6398002828,"actual"
"MD",2013,1306.47861919652,"actual"
"MD",2014,1599.23048670515,"actual"
"MD",2015,1821.9011566459,"proj"
"MD",2016,2136.52168860961,"proj"
"MD",2017,2420.37935730978,"proj"
"MD",2018,2753.04536942686,"proj"
"MD",2019,3142.12604724189,"proj"
"MD",2020,3617.70318481788,"proj"
"ME",2000,,"actual"
"ME",2001,,"actual"
"ME",2002,,"actual"
"ME",2003,,"actual"
"ME",2004,1839.84783030377,"actual"
"ME",2005,2066.14347532234,"actual"
"ME",2006,2986.08651343081,"actual"
"ME",2007,4824.53397306589,"actual"
"ME",2008,6097.04763579835,"actual"
"ME",2009,5265.44157480121,"actual"
"ME",2010,5547.76032165184,"actual"
"ME",2011,5399.38392675365,"actual"
"ME",2012,5443.16571156343,"actual"
"ME",2013,6090.20668031634,"actual"
"ME",2014,6651.70623963445,"actual"
"ME",2015,6586.74101059045,"proj"
"ME",2016,7276.91476324459,"proj"
"ME",2017,7577.47310431316,"proj"
"ME",2018,8007.57627671532,"proj"
"ME",2019,8499.48459847091,"proj"
"ME",2020,9109.17232337728,"proj"
"MG",2000,17.1076010841703,"actual"
"MG",2001,18.5826256993121,"actual"
"MG",2002,15.0944055627671,"actual"
"MG",2003,25.7635838716231,"actual"
"MG",2004,45.2377181475153,"actual"
"MG",2005,52.8081555709109,"actual"
"MG",2006,236.395291167315,"actual"
"MG",2007,79.2905426759063,"actual"
"MG",2008,110.1440211117,"actual"
"MG",2009,92.9830352427254,"actual"
"MG",2010,121.361252508496,"actual"
"MG",2011,124.075077663487,"actual"
"MG",2012,109.106003669347,"actual"
"MG",2013,120.578265215545,"proj"
"MG",2014,157.107610553718,"proj"
"MG",2015,182.199454882006,"proj"
"MG",2016,221.857556193714,"proj"
"MG",2017,,"proj"
"MG",2018,,"proj"
"MG",2019,,"proj"
"MH",2000,,"actual"
"MH",2001,,"actual"
"MH",2002,,"actual"
"MH",2003,,"actual"
"MH",2004,1194.9063059509,"actual"
"MH",2005,1357.26485123591,"actual"
"MH",2006,1510.75062469588,"actual"
"MH",2007,1800.84374501707,"actual"
"MH",2008,1846.8511115766,"actual"
"MH",2009,1579.69715631583,"actual"
"MH",2010,1705.05206187753,"actual"
"MH",2011,1712.65643273291,"actual"
"MH",2012,1698.45597045272,"actual"
"MH",2013,1653.96106668415,"proj"
"MH",2014,2062.10254301752,"proj"
"MH",2015,1940.08069362176,"proj"
"MH",2016,1964.27637051764,"proj"
"MH",2017,1967.85152051464,"proj"
"MH",2018,1909.87755979325,"proj"
"MH",2019,,"proj"
"MH",2020,,"proj"
"MK",2000,1480.23180780822,"actual"
"MK",2001,1435.6023685015,"actual"
"MK",2002,1549.44465160361,"actual"
"MK",2003,1780.57386490715,"actual"
"MK",2004,1776.75651807507,"actual"
"MK",2005,1938.86162890994,"actual"
"MK",2006,2024.72034695811,"actual"
"MK",2007,2428.81748963814,"actual"
"MK",2008,2909.74656783772,"actual"
"MK",2009,2729.64909534263,"actual"
"MK",2010,2919.74200633089,"actual"
"MK",2011,3134.2862339356,"actual"
"MK",2012,3185.84028801824,"actual"
"MK",2013,3377.83408526822,"actual"
"MK",2014,3758.40823820053,"proj"
"MK",2015,4093.21165927264,"proj"
"MK",2016,4390.07789230135,"proj"
"MK",2017,4720.02599408634,"proj"
"MK",2018,5082.25525118248,"proj"
"MK",2019,5502.14769640817,"proj"
"MK",2020,,"proj"
"ML",2000,89.7137192390922,"actual"
"ML",2001,102.257545982895,"actual"
"ML",2002,118.814782017658,"actual"
"ML",2003,125.101654052031,"actual"
"ML",2004,130.685998638931,"actual"
"ML",2005,151.678968665185,"actual"
"ML",2006,450.252007028696,"actual"
"ML",2007,191.495320581877,"actual"
"ML",2008,197.909282264229,"actual"
"ML",2009,244.428984324457,"actual"
"ML",2010,252.954028555263,"actual"
"ML",2011,306.020577474008,"actual"
"ML",2012,273.163596773949,"actual"
"ML",2013,327.981615063582,"actual"
"ML",2014,344.881126370534,"actual"
"ML",2015,418.733988446725,"actual"
"ML",2016,435.998280590989,"proj"
"ML",2017,475.052005852027,"proj"
"ML",2018,494.593317284984,"proj"
"ML",2019,520.050605750298,"proj"
"ML",2020,545.674911328164,"proj"
"ML",2021,571.140877666594,"proj"
"MM",2000,,"actual"
"MM",2001,,"actual"
"MM",2002,,"actual"
"MM",2003,,"actual"
"MM",2004,,"actual"
"MM",2005,,"actual"
"MM",2006,,"actual"
"MM",2007,162.386788498128,"actual"
"MM",2008,209.315431857034,"actual"
"MM",2009,217.231513330117,"actual"
"MM",2010,283.866254966865,"actual"
"MM",2011,356.306180036699,"actual"
"MM",2012,778.422997346833,"actual"
"MM",2013,922.121346010363,"actual"
"MM",2014,1230.2003052512,"actual"
"MM",2015,1208.52513260716,"proj"
"MM",2016,1595.80408701571,"proj"
"MM",2017,2074.63421999432,"proj"
"MM",2018,,"proj"
"MM",2019,,"proj"
"MN",2000,42.532574929532,"actual"
"MN",2001,55.464983110059,"actual"
"MN",2002,64.3897305582704,"actual"
"MN",2003,81.3206408955586,"actual"
"MN",2004,121.491532162592,"actual"
"MN",2005,169.046044508338,"actual"
"MN",2006,343.741310053711,"actual"
"MN",2007,562.35262814805,"actual"
"MN",2008,889.692005849406,"actual"
"MN",2009,744.670460187432,"actual"
"MN",2010,1213.45427348095,"actual"
"MN",2011,1976.92949336095,"actual"
"MN",2012,2435.9738598112,"actual"
"MN",2013,2970.67535497332,"actual"
"MN",2014,3216.47143258401,"actual"
"MN",2015,3256.95041880355,"proj"
"MN",2016,3659.55437783537,"proj"
"MN",2017,,"proj"
"MN",2018,,"proj"
"MN",2019,,"proj"
"MN",2020,,"proj"
"MR",2000,,"actual"
"MR",2001,,"actual"
"MR",2002,,"actual"
"MR",2003,203.435285592319,"actual"
"MR",2004,240.93585691661,"actual"
"MR",2005,258.626498244969,"actual"
"MR",2006,977.474677142208,"actual"
"MR",2007,448.774073409279,"actual"
"MR",2008,487.347540995095,"actual"
"MR",2009,478.770683897901,"actual"
"MR",2010,707.2208464147,"actual"
"MR",2011,1001.81405905041,"actual"
"MR",2012,1525.43538975918,"actual"
"MR",2013,1393.12736720554,"actual"
"MR",2014,1273.66020647318,"actual"
"MR",2015,1260.14298729113,"actual"
"MR",2016,1300.82770121958,"proj"
"MR",2017,1361.38354257588,"proj"
"MR",2018,1428.73546777047,"proj"
"MR",2019,1530.80419597525,"proj"
"MR",2020,1649.19283096131,"proj"
"MR",2021,1816.06168455731,"proj"
"MU",2000,641.903754095612,"actual"
"MU",2001,653.68636879713,"actual"
"MU",2002,767.492484971874,"actual"
"MU",2003,965.006782263842,"actual"
"MU",2004,1138.83085220303,"actual"
"MU",2005,1264.07027024017,"actual"
"MU",2006,1463.4062296803,"actual"
"MU",2007,1698.11132916391,"actual"
"MU",2008,2318.6770482886,"actual"
"MU",2009,2721.93855716571,"actual"
"MU",2010,2812.86191777448,"actual"
"MU",2011,3083.06810691042,"actual"
"MU",2012,3383.34522316071,"actual"
"MU",2013,3694.17146863473,"actual"
"MU",2014,3828.59357914769,"actual"
"MU",2015,4057.99387684597,"actual"
"MU",2016,4535.90982945268,"budget"
"MU",2017,4970.59713494633,"proj"
"MU",2018,5426.64161390396,"proj"
"MU",2019,5936.02351881744,"proj"
"MU",2020,6498.32530623298,"proj"
"MV",2000,,"actual"
"MV",2001,,"actual"
"MV",2002,,"actual"
"MV",2003,,"actual"
"MV",2004,,"actual"
"MV",2005,,"actual"
"MV",2006,,"actual"
"MV",2007,,"actual"
"MV",2008,,"actual"
"MV",2009,,"actual"
"MV",2010,,"actual"
"MV",2011,2684.99274616297,"actual"
"MV",2012,2996.17221620903,"actual"
"MV",2013,3604.94004113003,"actual"
"MV",2014,4724.38306049822,"actual"
"MV",2015,5335.59921214848,"proj"
"MV",2016,5545.00654620545,"proj"
"MV",2017,5763.93730659053,"proj"
"MV",2018,6019.51429125011,"proj"
"MV",2019,,"proj"
"MV",2020,,"proj"
"MW",2000,1.3050922817441,"actual"
"MW",2001,2.2107854815158,"actual"
"MW",2002,2.71840762729049,"actual"
"MW",2003,3.86198753974382,"actual"
"MW",2004,6.69245278322311,"actual"
"MW",2005,9.37475087923861,"actual"
"MW",2006,15.0630078375381,"actual"
"MW",2007,19.2456465456329,"actual"
"MW",2008,23.3599242220985,"actual"
"MW",2009,31.3050777506195,"actual"
"MW",2010,41.5390468893516,"actual"
"MW",2011,48.7600690972727,"actual"
"MW",2012,53.0867414150058,"actual"
"MW",2013,120.427846741731,"actual"
"MW",2014,152.86889528712,"actual"
"MW",2015,214.287364042057,"actual"
"MW",2016,319.425647853862,"proj"
"MW",2017,401.306583997149,"proj"
"MW",2018,496.476265099385,"proj"
"MW",2019,592.895964968515,"proj"
"MW",2020,,"proj"
"MX",2000,,"actual"
"MX",2001,,"actual"
"MX",2002,,"actual"
"MX",2003,,"actual"
"MX",2004,,"actual"
"MX",2005,1468.21052594288,"actual"
"MX",2006,1829.50557194045,"actual"
"MX",2007,2085.54288199147,"actual"
"MX",2008,2661.10293786108,"actual"
"MX",2009,2494.67773086017,"actual"
"MX",2010,2709.77075155019,"actual"
"MX",2011,3251.50116850536,"actual"
"MX",2012,3593.61306797558,"actual"
"MX",2013,3775.31897776865,"actual"
"MX",2014,4042.68078507719,"actual"
"MX",2015,4194.45834077857,"proj"
"MX",2016,4547.67853722226,"proj"
"MX",2017,4907.67693146706,"proj"
"MX",2018,5331.68714422084,"proj"
"MX",2019,5865.4272433139,"proj"
"MX",2020,6399.23203208506,"proj"
"MY",2000,1245.61910464878,"actual"
"MY",2001,1535.66897370638,"actual"
"MY",2002,1621.67938250406,"actual"
"MY",2003,1814.08555694612,"actual"
"MY",2004,2020.60227218257,"actual"
"MY",2005,2324.69510323644,"actual"
"MY",2006,2759.24767897006,"actual"
"MY",2007,3109.42667284008,"actual"
"MY",2008,3849.85976626203,"actual"
"MY",2009,3440.09179120062,"actual"
"MY",2010,3595.05957329221,"actual"
"MY",2011,4362.37884990259,"actual"
"MY",2012,4701.69395550468,"actual"
"MY",2013,4762.4539749479,"actual"
"MY",2014,5092.56162050337,"actual"
"MY",2015,4962.81922099625,"actual"
"MY",2016,4958.35926419467,"proj"
"MY",2017,5592.73214422068,"proj"
"MY",2018,,"proj"
"MY",2019,,"proj"
"MY",2020,,"proj"
"MZ",2000,,"actual"
"MZ",2001,,"actual"
"MZ",2002,32.2446020941867,"actual"
"MZ",2003,38.1735820569241,"actual"
"MZ",2004,41.837392245962,"actual"
"MZ",2005,50.2278125983137,"actual"
"MZ",2006,76.8967718529649,"actual"
"MZ",2007,92.123730900534,"actual"
"MZ",2008,112.590746428805,"actual"
"MZ",2009,130.86290376753,"actual"
"MZ",2010,171.062730922361,"actual"
"MZ",2011,199.4291628752,"actual"
"MZ",2012,229.410392437241,"actual"
"MZ",2013,300.905926102281,"actual"
"MZ",2014,335.220390974988,"actual"
"MZ",2015,352.812161222543,"proj"
"MZ",2016,437.646615167792,"proj"
"MZ",2017,,"proj"
"MZ",2018,,"proj"
"MZ",2019,,"proj"
"MZ",2020,,"proj"
"NA",1999,198.089953798284,"actual"
"NA",2000,281.491320851955,"actual"
"NA",2001,337.42666430798,"actual"
"NA",2002,421.86069316734,"actual"
"NA",2003,393.399403989545,"actual"
"NA",2004,484.5572766379,"actual"
"NA",2005,565.097675164553,"actual"
"NA",2006,807.331363142721,"actual"
"NA",2007,1085.41937207326,"actual"
"NA",2008,1345.18262248711,"actual"
"NA",2009,1452.29410185112,"actual"
"NA",2010,1442.27688781425,"actual"
"NA",2011,1887.85044589998,"actual"
"NA",2012,2559.20638606398,"actual"
"NA",2013,2984.14336503398,"actual"
"NA",2014,4111.18050278411,"actual"
"NA",2015,4215.01877743328,"proj"
"NA",2016,4477.21318114878,"proj"
"NA",2017,5468.25714853536,"proj"
"NA",2018,6481.48830199363,"proj"
"NA",2019,7417.89975893538,"proj"
"NA",2020,8519.65146860177,"proj"
"NE",2000,45.5347382887271,"actual"
"NE",2001,52.7207372158207,"actual"
"NE",2002,61.8230085277184,"actual"
"NE",2003,58.8765789273294,"actual"
"NE",2004,64.7872136868825,"actual"
"NE",2005,73.4180775957721,"actual"
"NE",2006,282.900208337826,"actual"
"NE",2007,113.362312537487,"actual"
"NE",2008,150.898293608096,"actual"
"NE",2009,125.695968277783,"actual"
"NE",2010,135.903839812395,"actual"
"NE",2011,144.80946093778,"actual"
"NE",2012,206.105776022822,"actual"
"NE",2013,249.460865673861,"actual"
"NE",2014,243.979525359751,"actual"
"NE",2015,264.545384373179,"proj"
"NE",2016,269.050267512501,"proj"
"NE",2017,282.459242012938,"proj"
"NE",2018,316.004397327071,"proj"
"NE",2019,339.505279684492,"proj"
"NE",2020,374.194720353081,"proj"
"NG",2000,,"actual"
"NG",2001,,"actual"
"NG",2002,53.9047353352432,"actual"
"NG",2003,76.5568799786087,"actual"
"NG",2004,129.714244235296,"actual"
"NG",2005,206.582331176323,"actual"
"NG",2006,273.290749877026,"actual"
"NG",2007,266.843757694662,"actual"
"NG",2008,391.189217501621,"actual"
"NG",2009,220.351187788928,"actual"
"NG",2010,371.672454948261,"actual"
"NG",2011,649.467178680845,"actual"
"NG",2012,637.498731750188,"actual"
"NG",2013,564.363156290799,"actual"
"NG",2014,609.232705817205,"actual"
"NG",2015,478.784313798288,"actual"
"NG",2016,443.154029649088,"proj"
"NG",2017,676.855619389594,"proj"
"NG",2018,942.821576288273,"proj"
"NG",2019,1265.80008494151,"proj"
"NG",2020,1711.9671214639,"proj"
"NG",2021,2149.60805451422,"proj"
"NI",2000,,"actual"
"NI",2001,,"actual"
"NI",2002,61.7393756670416,"actual"
"NI",2003,76.5378161127598,"actual"
"NI",2004,100.964326937768,"actual"
"NI",2005,132.65988360095,"actual"
"NI",2006,155.159598034026,"actual"
"NI",2007,207.142154224364,"actual"
"NI",2008,262.591854038925,"actual"
"NI",2009,275.388863262272,"actual"
"NI",2010,333.062193382176,"actual"
"NI",2011,455.693849856635,"actual"
"NI",2012,556.229691182635,"actual"
"NI",2013,652.909603555815,"proj"
"NI",2014,759.125919096581,"proj"
"NI",2015,,"proj"
"NI",2016,,"proj"
"NI",2017,,"proj"
"NI",2018,,"proj"
"NI",2019,,"proj"
"NI",2020,,"proj"
"NP",2000,,"actual"
"NP",2001,,"actual"
"NP",2002,,"actual"
"NP",2003,33.5781398010428,"actual"
"NP",2004,37.7254523015657,"actual"
"NP",2005,45.8836583445772,"actual"
"NP",2006,49.4729805805943,"actual"
"NP",2007,63.5184510967564,"actual"
"NP",2008,81.5960560037592,"actual"
"NP",2009,122.390035440459,"actual"
"NP",2010,182.776026547668,"actual"
"NP",2011,225.745320054672,"actual"
"NP",2012,280.177015874236,"actual"
"NP",2013,338.498294239706,"actual"
"NP",2014,446.208434496777,"actual"
"NP",2015,514.57602809125,"actual"
"NP",2016,635.691259377308,"proj"
"NP",2017,790.558867981837,"proj"
"NP",2018,956.339572737305,"proj"
"NP",2019,1119.14989363133,"proj"
"NP",2020,1289.46885840108,"proj"
"PA",2000,703.714196949701,"actual"
"PA",2001,648.412516247624,"actual"
"PA",2002,679.1473274628,"actual"
"PA",2003,673.589792329231,"actual"
"PA",2004,710.168922070982,"actual"
"PA",2005,765.654704173688,"actual"
"PA",2006,1001.55689802875,"actual"
"PA",2007,1274.84911488628,"actual"
"PA",2008,1592.12061775696,"actual"
"PA",2009,1630.42341465972,"actual"
"PA",2010,1885.02135064888,"actual"
"PA",2011,2160.19432393072,"actual"
"PA",2012,2607.7015515796,"actual"
"PA",2013,2899.91324708613,"actual"
"PA",2014,2998.77214025611,"actual"
"PA",2015,3096.93249071116,"proj"
"PA",2016,3321.64646234838,"proj"
"PA",2017,,"proj"
"PA",2018,,"proj"
"PA",2019,,"proj"
"PA",2020,,"proj"
"PE",2000,,"actual"
"PE",2001,,"actual"
"PE",2002,,"actual"
"PE",2003,,"actual"
"PE",2004,,"actual"
"PE",2005,,"actual"
"PE",2006,,"actual"
"PE",2007,,"actual"
"PE",2008,1342.13969053964,"actual"
"PE",2009,1240.45374836377,"actual"
"PE",2010,1590.60474649396,"actual"
"PE",2011,1987.33143150097,"actual"
"PE",2012,2238.62488129202,"actual"
"PE",2013,2405.54599596439,"actual"
"PE",2014,2606.22386943227,"actual"
"PE",2015,2628.73057046345,"proj"
"PE",2016,2853.81231583451,"proj"
"PE",2017,3070.65276441507,"proj"
"PE",2018,3318.27335929004,"proj"
"PE",2019,3597.94803231563,"proj"
"PE",2020,3887.86006258105,"proj"
"PG",2000,127.251967414143,"actual"
"PG",2001,138.100918574385,"actual"
"PG",2002,158.25820805009,"actual"
"PG",2003,186.855172503775,"actual"
"PG",2004,217.20596356351,"actual"
"PG",2005,281.59290168101,"actual"
"PG",2006,356.715303449084,"actual"
"PG",2007,393.867028545277,"actual"
"PG",2008,416.065715596133,"actual"
"PG",2009,349.146438753034,"actual"
"PG",2010,493.802827887467,"actual"
"PG",2011,565.800741380044,"actual"
"PG",2012,537.236575291256,"actual"
"PG",2013,557.834898038007,"actual"
"PG",2014,681.262770751243,"actual"
"PG",2015,661.693053063828,"proj"
"PG",2016,730.562441591407,"proj"
"PG",2017,,"proj"
"PG",2018,,"proj"
"PG",2019,,"proj"
"PG",2020,,"proj"
"PH",2000,,"actual"
"PH",2001,,"actual"
"PH",2002,,"actual"
"PH",2003,,"actual"
"PH",2004,,"actual"
"PH",2005,,"actual"
"PH",2006,,"actual"
"PH",2007,,"actual"
"PH",2008,750.608416667644,"actual"
"PH",2009,745.847144188939,"actual"
"PH",2010,822.829218586006,"actual"
"PH",2011,944.241294932829,"actual"
"PH",2012,1070.61778170233,"actual"
"PH",2013,1186.38099501531,"actual"
"PH",2014,1353.19686574389,"proj"
"PH",2015,1447.40166188988,"proj"
"PH",2016,,"proj"
"PH",2017,,"proj"
"PH",2018,,"proj"
"PH",2019,,"proj"
"PH",2020,,"proj"
"PK",2000,,"actual"
"PK",2001,43.7786139620377,"actual"
"PK",2002,52.3332680429711,"actual"
"PK",2003,63.4797438326898,"actual"
"PK",2004,65.6078839817445,"actual"
"PK",2005,75.8321185001777,"actual"
"PK",2006,99.7501700009702,"actual"
"PK",2007,121.082941228562,"actual"
"PK",2008,150.742532029234,"actual"
"PK",2009,223.972592379848,"actual"
"PK",2010,273.128895062093,"actual"
"PK",2011,343.570869273138,"actual"
"PK",2012,400.668329979237,"actual"
"PK",2013,489.882766533639,"actual"
"PK",2014,665.050619353182,"actual"
"PK",2015,710.967292040744,"actual"
"PK",2016,814.45558364507,"actual"
"PK",2017,1002.02297945725,"proj"
"PK",2018,,"proj"
"PK",2019,,"proj"
"PK",2020,,"proj"
"PW",2000,,"actual"
"PW",2001,,"actual"
"PW",2002,1531.07695124477,"actual"
"PW",2003,1953.67585442699,"actual"
"PW",2004,2153.71348048314,"actual"
"PW",2005,2428.28700767879,"actual"
"PW",2006,2865.68229016023,"actual"
"PW",2007,3242.48603645574,"actual"
"PW",2008,3282.44274181818,"actual"
"PW",2009,3037.23645284091,"actual"
"PW",2010,3539.18189503367,"actual"
"PW",2011,3739.55161910774,"actual"
"PW",2012,4222.24410462963,"actual"
"PW",2013,4353.32793181818,"budget"
"PW",2014,4671.52163257576,"proj"
"PW",2015,5602.90404040406,"proj"
"PW",2016,6161.15062045456,"proj"
"PW",2017,6131.89125075756,"proj"
"PW",2018,,"proj"
"PW",2019,,"proj"
"PW",2020,,"proj"
"PY",2011,1118.4173643655,"actual"
"PY",2012,1259.84864509619,"actual"
"PY",2013,1295.21567920801,"actual"
"PY",2014,1546.42084626646,"actual"
"PY",2015,1664.29868699697,"actual"
"PY",2016,1832.49978885368,"proj"
"PY",2017,2030.52454700006,"proj"
"PY",2018,2241.25561851731,"proj"
"PY",2019,2481.53932052164,"proj"
"PY",2020,2767.66034743701,"proj"
"PY",2021,3078.692298192,"proj"
"RS",2000,,"actual"
"RS",2001,,"actual"
"RS",2002,,"actual"
"RS",2003,640.750746141771,"actual"
"RS",2004,874.458746636359,"actual"
"RS",2005,1226.54696544174,"actual"
"RS",2006,1647.17926286504,"actual"
"RS",2007,2066.40950462127,"actual"
"RS",2008,2619.1163387088,"actual"
"RS",2009,2857.67027317793,"actual"
"RS",2010,3247.57155654337,"actual"
"RS",2011,3812.86623326492,"actual"
"RS",2012,4409.43279067121,"actual"
"RS",2013,4860.09385411426,"actual"
"RS",2014,5303.22148868563,"actual"
"RS",2015,5354.62011242482,"proj"
"RS",2016,5553.69561088582,"proj"
"RS",2017,5901.52439642846,"proj"
"RS",2018,6526.93535101304,"proj"
"RS",2019,7287.12347291957,"proj"
"RS",2020,8180.68929089631,"proj"
"RU",2000,,"actual"
"RU",2001,,"actual"
"RU",2002,,"actual"
"RU",2003,,"actual"
"RU",2004,562.342634005908,"actual"
"RU",2005,976.526012899995,"actual"
"RU",2006,1427.22345403503,"actual"
"RU",2007,2021.39430970035,"actual"
"RU",2008,2874.26932785519,"actual"
"RU",2009,2502.11415973764,"actual"
"RU",2010,3369.84658313496,"actual"
"RU",2011,5046.2769257744,"actual"
"RU",2012,6116.90656674308,"actual"
"RU",2013,6691.72468263949,"actual"
"RU",2014,7992.23700486582,"actual"
"RU",2015,8327.64917433412,"proj"
"RU",2016,9742.47366261824,"proj"
"RU",2017,11283.3284975383,"proj"
"RU",2018,12538.2628389685,"proj"
"RU",2019,13653.5375211467,"proj"
"RU",2020,14904.0198544089,"proj"
"RW",2000,,"actual"
"RW",2001,23.4576196983619,"actual"
"RW",2002,23.0923535176248,"actual"
"RW",2003,33.4325666199151,"actual"
"RW",2004,51.9192942684492,"actual"
"RW",2005,71.6223704051261,"actual"
"RW",2006,82.534448765458,"actual"
"RW",2007,93.0884439139516,"actual"
"RW",2008,137.634201833041,"actual"
"RW",2009,188.846546994973,"actual"
"RW",2010,224.322982919944,"actual"
"RW",2011,248.974490730043,"actual"
"RW",2012,318.739327375094,"actual"
"RW",2013,342.477319926856,"actual"
"RW",2014,420.690533487416,"actual"
"RW",2015,440.013499817621,"actual"
"RW",2016,490.55566827617,"actual"
"RW",2017,509.45462189448,"proj"
"RW",2018,578.747068158088,"proj"
"RW",2019,,"proj"
"RW",2020,,"proj"
"SA",2000,,"actual"
"SA",2001,,"actual"
"SA",2002,,"actual"
"SA",2003,,"actual"
"SA",2004,,"actual"
"SA",2005,,"actual"
"SA",2006,,"actual"
"SA",2007,,"actual"
"SA",2008,,"actual"
"SA",2009,,"actual"
"SA",2010,19510.2766675874,"actual"
"SA",2011,33020.107277338,"actual"
"SA",2012,37236.8148716855,"actual"
"SA",2013,33189.9435752423,"actual"
"SA",2014,28552.1186247974,"actual"
"SA",2015,16052.7863573963,"proj"
"SA",2016,16968.8950404404,"proj"
"SA",2017,18857.7989778373,"proj"
"SA",2018,20523.4696355905,"proj"
"SA",2019,20907.6895581663,"proj"
"SA",2020,21473.9554029894,"proj"
"SB",2000,40.8993305941269,"actual"
"SB",2001,45.2393220463104,"actual"
"SB",2002,41.7291673622299,"actual"
"SB",2003,96.647570180928,"actual"
"SB",2004,140.3207092891,"actual"
"SB",2005,224.088121940414,"actual"
"SB",2006,262.260243152678,"actual"
"SB",2007,335.337587582246,"actual"
"SB",2008,384.898226664708,"actual"
"SB",2009,489.865253236619,"actual"
"SB",2010,653.449013026063,"actual"
"SB",2011,822.252759442007,"actual"
"SB",2012,877.872981981729,"actual"
"SB",2013,918.37381735111,"actual"
"SB",2014,901.451064612428,"actual"
"SB",2015,902.134176723889,"actual"
"SB",2016,952.426632295784,"proj"
"SB",2017,981.220379503941,"proj"
"SB",2018,,"proj"
"SB",2019,,"proj"
"SB",2020,,"proj"
"SC",2000,,"actual"
"SC",2001,,"actual"
"SC",2002,,"actual"
"SC",2003,,"actual"
"SC",2004,,"actual"
"SC",2005,,"actual"
"SC",2006,,"actual"
"SC",2007,1785.56082482136,"actual"
"SC",2008,3392.03587355387,"actual"
"SC",2009,5778.13649080272,"actual"
"SC",2010,5157.39681798023,"actual"
"SC",2011,6656.628942803,"actual"
"SC",2012,8781.570686514,"actual"
"SC",2013,9060.16123557483,"actual"
"SC",2014,9516.69604239171,"proj"
"SC",2015,9544.76327454494,"proj"
"SC",2016,9798.9471284885,"proj"
"SC",2017,,"proj"
"SC",2018,,"proj"
"SC",2019,,"proj"
"SC",2020,,"proj"
"SD",2000,,"actual"
"SD",2001,,"actual"
"SD",2002,,"actual"
"SD",2003,,"actual"
"SD",2004,,"actual"
"SD",2005,,"actual"
"SD",2006,,"actual"
"SD",2007,,"actual"
"SD",2008,,"actual"
"SD",2009,,"actual"
"SD",2010,82.5047110536099,"actual"
"SD",2011,134.560452059575,"actual"
"SD",2012,110.587363092872,"actual"
"SD",2013,220.365616312708,"actual"
"SD",2014,393.234602025793,"actual"
"SD",2015,484.762124229416,"actual"
"SD",2016,556.562167844188,"proj"
"SD",2017,722.268080310056,"proj"
"SD",2018,890.599338471199,"proj"
"SD",2019,1060.91698295301,"proj"
"SD",2020,1277.10115981751,"proj"
"SD",2021,1516.00255570525,"proj"
"SL",2000,8.40134019747725,"actual"
"SL",2001,7.71657392949197,"actual"
"SL",2002,9.32343166213241,"actual"
"SL",2003,11.7973741073467,"actual"
"SL",2004,17.0443982746511,"actual"
"SL",2005,23.9152840723135,"actual"
"SL",2006,45.4549682217919,"actual"
"SL",2007,73.4085510126193,"actual"
"SL",2008,33.8094486280202,"actual"
"SL",2009,47.7365758408468,"actual"
"SL",2010,68.6019274324395,"actual"
"SL",2011,109.656861870139,"actual"
"SL",2012,139.353287122419,"actual"
"SL",2013,164.634521161533,"actual"
"SL",2014,184.864805895531,"proj"
"SL",2015,240.589185757887,"proj"
"SL",2016,260.878752994123,"proj"
"SL",2017,325.344552149438,"proj"
"SL",2018,403.944341063334,"proj"
"SL",2019,,"proj"
"SL",2020,,"proj"
"SN",2000,218.31915705415,"actual"
"SN",2001,231.618410683186,"actual"
"SN",2002,254.870699083776,"actual"
"SN",2003,273.826229556457,"actual"
"SN",2004,293.749376336944,"actual"
"SN",2005,320.099642369067,"actual"
"SN",2006,350.98232174787,"actual"
"SN",2007,443.315231831007,"actual"
"SN",2008,466.386703758515,"actual"
"SN",2009,449.920327635699,"actual"
"SN",2010,476.849606056477,"actual"
"SN",2011,526.119806356829,"actual"
"SN",2012,573.183995885232,"actual"
"SN",2013,539.475002801942,"actual"
"SN",2013,589.552851163303,"budget"
"SN",2014,591.652127737436,"budget"
"SN",2014,587.271836997973,"actual"
"SN",2015,616.070635790996,"actual"
"SN",2015,601.474687855178,"budget"
"SN",2016,696.063359928353,"proj"
"SN",2017,708.217971686354,"proj"
"SN",2018,753.732006690057,"proj"
"SN",2019,807.218817331631,"proj"
"SN",2020,865.376932231158,"proj"
"SN",2021,937.562334901809,"proj"
"SO",2013,,"actual"
"SO",2014,,"actual"
"SO",2015,,"proj"
"SO",2016,,"proj"
"SO",2017,,"proj"
"SR",2000,62.6778129154064,"actual"
"SR",2001,166.492105999174,"actual"
"SR",2002,219.380752273637,"actual"
"SR",2003,471.340182882339,"actual"
"SR",2004,609.438194887268,"actual"
"SR",2005,858.269721164084,"actual"
"SR",2006,1106.86479276482,"actual"
"SR",2007,1454.92015003237,"actual"
"SR",2008,1563.0569845586,"actual"
"SR",2009,1731.48800708806,"actual"
"SR",2010,2049.70202874669,"actual"
"SR",2011,3248.2123422,"actual"
"SR",2012,3825.60097352186,"actual"
"SR",2013,3623.2940524162,"actual"
"SR",2014,3831.37086465537,"proj"
"SR",2015,4197.02176403208,"proj"
"SR",2016,6962.10955135559,"proj"
"SR",2017,9528.81254445143,"proj"
"SR",2018,11322.501987821,"proj"
"SR",2019,12740.9578066613,"proj"
"SR",2020,,"proj"
"SS",2000,,"actual"
"SS",2001,,"actual"
"SS",2002,,"actual"
"SS",2003,,"actual"
"SS",2004,,"actual"
"SS",2005,,"actual"
"SS",2006,,"actual"
"SS",2007,,"actual"
"SS",2008,,"actual"
"SS",2009,,"actual"
"SS",2010,,"actual"
"SS",2011,,"actual"
"SS",2012,549.660640821421,"actual"
"SS",2013,179.296003697352,"actual"
"SS",2014,445.787899785909,"actual"
"SS",2015,548.367874416445,"proj"
"SS",2016,,"proj"
"SS",2017,,"proj"
"SS",2018,,"proj"
"SS",2019,,"proj"
"SS",2020,,"proj"
"ST",2000,,"actual"
"ST",2001,28.8602819335982,"actual"
"ST",2002,31.7576275658197,"actual"
"ST",2003,47.3470047246886,"actual"
"ST",2004,61.3997580880872,"actual"
"ST",2005,183.700475006339,"actual"
"ST",2006,121.777486405562,"actual"
"ST",2007,770.518609006264,"actual"
"ST",2008,372.030632902331,"actual"
"ST",2009,321.335025902584,"actual"
"ST",2010,507.140170357704,"actual"
"ST",2011,624.013845649115,"actual"
"ST",2012,669.098821017372,"actual"
"ST",2013,762.451501295814,"actual"
"ST",2014,705.764429627586,"actual"
"ST",2015,907.572029041867,"actual"
"ST",2016,1319.99969349348,"proj"
"ST",2017,1310.5615119202,"proj"
"ST",2018,1405.63812243721,"proj"
"ST",2019,1505.08469690786,"proj"
"ST",2020,,"proj"
"SV",2000,,"actual"
"SV",2001,522.100758488295,"actual"
"SV",2002,565.581710160891,"actual"
"SV",2003,619.763262025003,"actual"
"SV",2004,647.044841679799,"actual"
"SV",2005,756.52665645976,"actual"
"SV",2006,885.645892972278,"actual"
"SV",2007,1011.81230250962,"actual"
"SV",2008,1138.88719433469,"actual"
"SV",2009,1028.91084176249,"actual"
"SV",2010,1173.74287168131,"actual"
"SV",2011,1371.33693151142,"actual"
"SV",2012,1477.38167588239,"actual"
"SV",2013,1534.79016744682,"actual"
"SV",2014,1572.5828533299,"actual"
"SV",2015,1639.78109605193,"actual"
"SV",2016,1747.80889191577,"proj"
"SV",2017,1887.22495201416,"proj"
"SV",2018,2010.70250058941,"proj"
"SV",2019,2138.85896054904,"proj"
"SV",2020,2250.60290874866,"proj"
"SV",2021,2398.37175304324,"proj"
"SY",2000,,"actual"
"SY",2001,1346.57329967464,"actual"
"SY",2002,1229.91259188337,"actual"
"SY",2003,1350.91158303852,"actual"
"SY",2004,1309.97722968975,"actual"
"SY",2005,1219.07971915817,"actual"
"SY",2006,1360.13515716438,"actual"
"SY",2007,1297.20193908738,"actual"
"SY",2008,1190.66907794395,"actual"
"SY",2009,1306.48829870079,"proj"
"SY",2010,1353.62212875151,"proj"
"SY",2011,,"proj"
"SY",2012,,"proj"
"SY",2013,,"proj"
"SY",2014,,"proj"
"SY",2015,,"proj"
"SY",2016,,"proj"
"SY",2017,,"proj"
"SY",2018,,"proj"
"SY",2019,,"proj"
"SY",2020,,"proj"
"SZ",2000,229.416049915838,"actual"
"SZ",2001,271.864043462503,"actual"
"SZ",2002,324.620248358291,"actual"
"SZ",2003,390.291826284771,"actual"
"SZ",2004,507.41114052089,"actual"
"SZ",2005,601.779393746473,"actual"
"SZ",2006,898.785580835533,"actual"
"SZ",2007,972.426809400182,"actual"
"SZ",2008,1199.05521408043,"actual"
"SZ",2009,1254.50183399041,"actual"
"SZ",2010,1006.37738103455,"actual"
"SZ",2011,1152.57883700455,"actual"
"SZ",2012,2011.56102724375,"actual"
"SZ",2013,2235.51099338388,"actual"
"SZ",2014,2664.73218545198,"actual"
"SZ",2015,2750.78490462792,"proj"
"SZ",2016,2524.88508212948,"proj"
"SZ",2017,2978.6690166434,"proj"
"SZ",2018,3339.25175646113,"proj"
"SZ",2019,3658.06618263703,"proj"
"SZ",2020,4005.03428245293,"proj"
"TD",2000,47.2940590000511,"actual"
"TD",2001,60.3006795035006,"actual"
"TD",2002,76.0642483292058,"actual"
"TD",2003,87.1541807500463,"actual"
"TD",2004,100.906700265026,"actual"
"TD",2005,178.47742982935,"actual"
"TD",2006,301.72331904803,"actual"
"TD",2007,398.975225114662,"actual"
"TD",2008,541.44163947541,"actual"
"TD",2009,300.216594574576,"actual"
"TD",2010,508.46472842196,"actual"
"TD",2011,716.531654881376,"actual"
"TD",2012,766.372415501374,"actual"
"TD",2013,601.331809862362,"actual"
"TD",2014,548.759596063956,"actual"
"TD",2015,360.881112347957,"proj"
"TD",2016,362.298579004423,"proj"
"TD",2017,460.383592676315,"proj"
"TD",2018,568.500478889396,"proj"
"TD",2019,725.862359454452,"proj"
"TD",2020,,"proj"
"TG",2000,,"actual"
"TG",2001,,"actual"
"TG",2002,,"actual"
"TG",2003,90.793988456078,"actual"
"TG",2004,95.8715382526545,"actual"
"TG",2005,105.647114590984,"actual"
"TG",2006,116.539380935453,"actual"
"TG",2007,117.986297329809,"actual"
"TG",2008,141.286691453092,"actual"
"TG",2009,160.130146105679,"actual"
"TG",2010,183.963585825617,"actual"
"TG",2011,217.304001404383,"actual"
"TG",2012,238.436444484564,"actual"
"TG",2013,277.284484759704,"actual"
"TG",2014,270.842732361921,"actual"
"TG",2015,312.413979692004,"proj"
"TG",2016,342.170304969843,"proj"
"TG",2017,370.986183951767,"proj"
"TG",2018,398.431067584944,"proj"
"TG",2019,430.584616818201,"proj"
"TG",2020,461.059513441034,"proj"
"TH",2000,,"actual"
"TH",2001,,"actual"
"TH",2002,,"actual"
"TH",2003,,"actual"
"TH",2004,,"actual"
"TH",2005,,"actual"
"TH",2006,,"actual"
"TH",2007,,"actual"
"TH",2008,2125.25928130956,"actual"
"TH",2009,2035.40896721971,"actual"
"TH",2010,2454.71079489761,"actual"
"TH",2011,2724.2776006321,"actual"
"TH",2012,3036.61043077374,"actual"
"TH",2013,3364.74973322314,"actual"
"TH",2014,3238.78367511275,"actual"
"TH",2015,3612.62420656082,"actual"
"TH",2016,3728.24516003849,"proj"
"TH",2017,3948.93068299456,"proj"
"TH",2018,4240.43432478525,"proj"
"TH",2019,4567.4419242994,"proj"
"TH",2020,4920.10648936183,"proj"
"TH",2021,5344.01847757228,"proj"
"TJ",2000,2.19399902800397,"actual"
"TJ",2001,4.2309194024825,"actual"
"TJ",2002,7.41667863300221,"actual"
"TJ",2003,13.8051708659863,"actual"
"TJ",2004,21.1966520445378,"actual"
"TJ",2005,29.814011800776,"actual"
"TJ",2006,53.2291266267779,"actual"
"TJ",2007,87.339768615121,"actual"
"TJ",2008,148.074308048165,"actual"
"TJ",2009,202.641127210259,"actual"
"TJ",2010,267.035264114955,"actual"
"TJ",2011,386.378221398168,"actual"
"TJ",2012,519.124873417157,"proj"
"TJ",2013,579.520919900405,"proj"
"TJ",2014,,"proj"
"TJ",2015,,"proj"
"TJ",2016,,"proj"
"TJ",2017,,"proj"
"TJ",2018,,"proj"
"TJ",2019,,"proj"
"TJ",2020,,"proj"
"TL",2000,,"actual"
"TL",2001,78.5821992385637,"actual"
"TL",2002,75.0224546712545,"actual"
"TL",2003,115.868153750983,"actual"
"TL",2004,139.461543329228,"actual"
"TL",2005,480.23931487933,"actual"
"TL",2006,686.077314342828,"actual"
"TL",2007,1406.84459544403,"actual"
"TL",2008,4433.90021404433,"actual"
"TL",2009,2956.85866653058,"actual"
"TL",2010,4969.38445610223,"actual"
"TL",2011,8692.42236309562,"actual"
"TL",2012,10788.4864597243,"actual"
"TL",2013,8556.44950707944,"actual"
"TL",2014,5947.87240224921,"actual"
"TL",2015,2645.87786084107,"actual"
"TL",2016,2084.64665459335,"proj"
"TL",2017,2270.1516933612,"proj"
"TL",2018,2482.79828237765,"proj"
"TL",2019,2693.57598340896,"proj"
"TL",2020,2928.91506857128,"proj"
"TL",2021,3112.75021520533,"proj"
"TN",2000,574.833147582348,"actual"
"TN",2001,630.859551893833,"actual"
"TN",2002,675.150253947901,"actual"
"TN",2003,709.570138404502,"actual"
"TN",2004,798.666273828702,"actual"
"TN",2005,870.729332229392,"actual"
"TN",2006,969.300348013287,"actual"
"TN",2007,1100.24286934334,"actual"
"TN",2008,1416.08602531275,"actual"
"TN",2009,1491.67320733757,"actual"
"TN",2010,1659.91441139745,"actual"
"TN",2011,1852.50252374344,"actual"
"TN",2012,2032.69183149807,"actual"
"TN",2013,2247.83782289904,"actual"
"TN",2014,2603.10849308234,"actual"
"TN",2015,2664.90934807767,"proj"
"TN",2016,3017.31151605616,"proj"
"TN",2017,,"proj"
"TN",2018,,"proj"
"TN",2019,,"proj"
"TN",2020,,"proj"
"TO",2000,,"actual"
"TO",2001,,"actual"
"TO",2002,330.558856490706,"actual"
"TO",2003,366.942693520188,"actual"
"TO",2004,435.291466653171,"actual"
"TO",2005,536.358439557952,"actual"
"TO",2006,747.369162776076,"actual"
"TO",2007,883.499286409359,"actual"
"TO",2008,904.185196102728,"actual"
"TO",2009,1011.4048891712,"actual"
"TO",2010,1132.32833401487,"actual"
"TO",2011,1169.3736709977,"actual"
"TO",2012,1276.67252265012,"actual"
"TO",2013,1142.19251781646,"actual"
"TO",2014,1299.20145555893,"actual"
"TO",2015,1419.66924030121,"actual"
"TO",2016,1434.2731837399,"proj"
"TO",2017,1505.8943374615,"proj"
"TO",2018,,"proj"
"TO",2019,,"proj"
"TO",2020,,"proj"
"TR",2000,,"actual"
"TR",2001,,"actual"
"TR",2002,309.31300494714,"actual"
"TR",2003,484.313523320836,"actual"
"TR",2004,637.311870970363,"actual"
"TR",2005,803.912878347705,"actual"
"TR",2006,1016.49439041468,"actual"
"TR",2007,1135.78753803315,"actual"
"TR",2008,1389.10338610781,"actual"
"TR",2009,1487.06229033312,"actual"
"TR",2010,1860.11707526558,"actual"
"TR",2011,2396.40861613353,"actual"
"TR",2012,2775.67920193976,"actual"
"TR",2013,3433.79603431886,"actual"
"TR",2014,3982.85033105518,"proj"
"TR",2015,4577.24163470281,"proj"
"TR",2016,5365.73419900457,"proj"
"TR",2017,6207.29833349804,"proj"
"TR",2018,7132.39848128821,"proj"
"TR",2019,8290.57898493419,"proj"
"TR",2020,,"proj"
"TV",2000,,"actual"
"TV",2001,,"actual"
"TV",2002,,"actual"
"TV",2003,,"actual"
"TV",2004,,"actual"
"TV",2005,,"actual"
"TV",2006,1548.87317498305,"actual"
"TV",2007,1627.12671348305,"actual"
"TV",2008,2099.95142662712,"actual"
"TV",2009,2380.63091737288,"actual"
"TV",2010,1944.03835222881,"actual"
"TV",2011,1890.74990466102,"actual"
"TV",2012,2356.71301232665,"actual"
"TV",2013,3150.70094909861,"actual"
"TV",2014,3908.20606872111,"budget"
"TV",2015,3721.1093990755,"proj"
"TV",2016,3015.86593035439,"proj"
"TV",2017,,"proj"
"TV",2018,,"proj"
"TV",2019,,"proj"
"TV",2020,,"proj"
"TZ",2000,14.1390131670434,"actual"
"TZ",2001,16.4630785089889,"actual"
"TZ",2002,20.2030341152179,"actual"
"TZ",2003,27.3710946742618,"actual"
"TZ",2004,33.4276337558195,"actual"
"TZ",2005,44.6587042446186,"actual"
"TZ",2006,54.9652360724836,"actual"
"TZ",2007,69.0327060743209,"actual"
"TZ",2008,110.011590146145,"actual"
"TZ",2009,126.556398231228,"actual"
"TZ",2010,148.567582026801,"actual"
"TZ",2011,192.030748835534,"actual"
"TZ",2012,255.908491349792,"actual"
"TZ",2013,302.735434162671,"actual"
"TZ",2014,360.764723711482,"actual"
"TZ",2015,383.696698941066,"actual"
"TZ",2016,477.074354162865,"actual"
"TZ",2017,634.871833066213,"proj"
"TZ",2018,709.3777244968,"proj"
"TZ",2019,828.550316057831,"proj"
"TZ",2020,970.618913925252,"proj"
"UA",2000,,"actual"
"UA",2001,,"actual"
"UA",2002,,"actual"
"UA",2003,50.6128285049741,"actual"
"UA",2004,78.4539330961256,"actual"
"UA",2005,141.361215290966,"actual"
"UA",2006,208.094943933582,"actual"
"UA",2007,329.725387103206,"actual"
"UA",2008,594.914270791128,"actual"
"UA",2009,619.147063337713,"actual"
"UA",2010,856.667303529569,"actual"
"UA",2011,1169.85224887968,"actual"
"UA",2012,1419.64663428308,"actual"
"UA",2013,1503.37049640043,"actual"
"UA",2014,1857.66757758768,"actual"
"UA",2015,3197.66583386537,"proj"
"UA",2016,3857.60831495614,"proj"
"UA",2017,4899.27193319603,"proj"
"UA",2018,5974.806192365,"proj"
"UA",2019,7027.11046611289,"proj"
"UA",2020,8138.59006631071,"proj"
"UG",2000,21.9965045230548,"actual"
"UG",2001,25.6604839773692,"actual"
"UG",2002,26.3095518347095,"actual"
"UG",2003,31.1538783045845,"actual"
"UG",2004,41.5612334509831,"actual"
"UG",2005,44.9772964630181,"actual"
"UG",2006,48.6114504132987,"actual"
"UG",2007,56.9584990106055,"actual"
"UG",2008,66.7259258074626,"actual"
"UG",2009,90.604888220493,"actual"
"UG",2010,107.330645087302,"actual"
"UG",2011,165.558163875985,"actual"
"UG",2012,194.390304869115,"actual"
"UG",2013,205.505608611031,"actual"
"UG",2014,241.209223172867,"budget"
"UG",2014,220.977839760429,"actual"
"UG",2015,276.243824062372,"budget"
"UG",2015,280.729910914009,"actual"
"UG",2016,328.9989157999,"actual"
"UG",2017,391.646942704965,"proj"
"UG",2018,437.551982623543,"proj"
"UY",2000,,"actual"
"UY",2001,,"actual"
"UY",2002,,"actual"
"UY",2003,,"actual"
"UY",2004,,"actual"
"UY",2005,,"actual"
"UY",2006,946.400510882764,"actual"
"UY",2007,1176.89245280098,"actual"
"UY",2008,1461.92755265192,"actual"
"UY",2009,1953.6701751819,"actual"
"UY",2010,2362.663030618,"actual"
"UY",2011,2948.73567843837,"actual"
"UY",2012,3584.17940034593,"actual"
"UY",2013,4534.77330755245,"actual"
"UY",2014,5190.6526408485,"actual"
"UY",2015,6118.87192241572,"proj"
"UY",2016,,"proj"
"UY",2017,,"proj"
"UY",2018,,"proj"
"UY",2019,,"proj"
"UY",2020,,"proj"
"UZ",2000,,"actual"
"UZ",2001,,"actual"
"UZ",2002,,"actual"
"UZ",2003,20.5423878792408,"actual"
"UZ",2004,28.3608495623071,"actual"
"UZ",2005,42.2812699415757,"actual"
"UZ",2006,67.3203635723087,"actual"
"UZ",2007,112.523258203691,"actual"
"UZ",2008,193.874479348188,"actual"
"UZ",2009,292.621620533124,"actual"
"UZ",2010,411.165452968919,"actual"
"UZ",2011,582.521145007096,"actual"
"UZ",2012,833.86165521609,"actual"
"UZ",2013,1122.53105709278,"proj"
"UZ",2014,1480.48019494118,"proj"
"UZ",2015,1872.79940853379,"proj"
"UZ",2016,2347.87281510799,"proj"
"UZ",2017,3014.70219998526,"proj"
"UZ",2018,,"proj"
"UZ",2019,,"proj"
"UZ",2020,,"proj"
"VC",2000,,"actual"
"VC",2000,1113.43170125786,"actual"
"VC",2000,,"actual"
"VC",2000,1113.43170125786,"actual"
"VC",2001,1575.85608952009,"actual"
"VC",2001,1575.85608952009,"actual"
"VC",2001,,"actual"
"VC",2001,,"actual"
"VC",2002,,"actual"
"VC",2002,,"actual"
"VC",2002,1396.94067428552,"actual"
"VC",2002,1396.94067428552,"actual"
"VC",2003,,"actual"
"VC",2003,,"actual"
"VC",2003,1405.19928748477,"actual"
"VC",2003,1405.19928748477,"actual"
"VC",2004,1517.45348916398,"actual"
"VC",2004,1517.45348916398,"actual"
"VC",2004,,"actual"
"VC",2004,,"actual"
"VC",2005,1613.28905253623,"actual"
"VC",2005,1613.28905253623,"actual"
"VC",2005,,"actual"
"VC",2005,,"actual"
"VC",2006,,"actual"
"VC",2006,,"actual"
"VC",2006,1941.51962892235,"actual"
"VC",2006,1941.51962892235,"actual"
"VC",2007,2452.93067113195,"actual"
"VC",2007,2452.93067113195,"actual"
"VC",2007,,"actual"
"VC",2007,,"actual"
"VC",2008,115737.623928965,"actual"
"VC",2008,2812.91423944843,"actual"
"VC",2008,115737.623928965,"actual"
"VC",2008,2812.91423944843,"actual"
"VC",2009,95477.8437874954,"actual"
"VC",2009,2803.86289542448,"actual"
"VC",2009,95477.8437874954,"actual"
"VC",2009,2803.86289542448,"actual"
"VC",2010,124483.055851006,"actual"
"VC",2010,124483.055851006,"actual"
"VC",2010,2861.61773348513,"actual"
"VC",2010,2861.61773348513,"actual"
"VC",2011,2604.66210435606,"actual"
"VC",2011,2604.66210435606,"actual"
"VC",2011,164285.967714592,"actual"
"VC",2011,164285.967714592,"actual"
"VC",2012,2571.21531037275,"actual"
"VC",2012,2571.21531037275,"actual"
"VC",2012,184221.581926603,"actual"
"VC",2012,184221.581926603,"actual"
"VC",2013,2829.74527171443,"actual"
"VC",2013,2829.74527171443,"actual"
"VC",2013,201637.614886364,"actual"
"VC",2013,201637.614886364,"actual"
"VC",2014,212702.008197628,"actual"
"VC",2014,212702.008197628,"actual"
"VC",2014,3064.92385197628,"actual"
"VC",2014,3064.92385197628,"actual"
"VC",2015,3055.00658761528,"proj"
"VC",2015,192501.097935881,"proj"
"VC",2015,192501.097935881,"proj"
"VC",2015,3055.00658761528,"proj"
"VC",2016,191922.847991095,"proj"
"VC",2016,191922.847991095,"proj"
"VC",2016,3313.43732662715,"proj"
"VC",2016,3313.43732662715,"proj"
"VC",2017,198855.482755105,"proj"
"VC",2017,3509.01390366601,"proj"
"VC",2017,198855.482755105,"proj"
"VC",2017,3509.01390366601,"proj"
"VC",2018,3756.94625222662,"proj"
"VC",2018,3756.94625222662,"proj"
"VC",2018,208755.68536614,"proj"
"VC",2018,208755.68536614,"proj"
"VC",2019,4043.13541856555,"proj"
"VC",2019,220508.674011248,"proj"
"VC",2019,220508.674011248,"proj"
"VC",2019,4043.13541856555,"proj"
"VC",2020,,"proj"
"VC",2020,,"proj"
"VC",2020,227967.45800235,"proj"
"VC",2020,227967.45800235,"proj"
"VN",2000,,"actual"
"VN",2001,,"actual"
"VN",2002,,"actual"
"VN",2003,,"actual"
"VN",2004,,"actual"
"VN",2005,144.32468427671,"actual"
"VN",2006,189.716468673067,"actual"
"VN",2007,232.541079373538,"actual"
"VN",2008,384.193318324667,"actual"
"VN",2009,434.765755914404,"actual"
"VN",2010,612.343888600022,"actual"
"VN",2011,898.587633294015,"actual"
"VN",2012,1005.62068269304,"actual"
"VN",2013,1176.27924291746,"actual"
"VN",2014,1257.89708015111,"actual"
"VN",2015,1433.96835405688,"actual"
"VN",2016,1523.06157787694,"proj"
"VN",2017,1696.16594224449,"proj"
"VN",2018,,"proj"
"VN",2019,,"proj"
"VN",2020,,"proj"
"VU",2000,219.466473044838,"actual"
"VU",2001,221.046240011306,"actual"
"VU",2002,213.165815908347,"actual"
"VU",2003,211.518116366757,"actual"
"VU",2004,260.080318437066,"actual"
"VU",2005,270.959007138217,"actual"
"VU",2006,295.544163297138,"actual"
"VU",2007,364.369441274967,"actual"
"VU",2008,530.932216297856,"actual"
"VU",2009,540.611630774218,"actual"
"VU",2010,534.755440246612,"actual"
"VU",2011,510.863120389184,"actual"
"VU",2012,499.435080814402,"actual"
"VU",2013,513.762861924708,"actual"
"VU",2014,587.724143968266,"actual"
"VU",2015,657.207405204966,"proj"
"VU",2016,633.122023629073,"proj"
"VU",2017,699.072371680313,"proj"
"VU",2018,715.224252402073,"proj"
"VU",2019,728.735040834551,"proj"
"VU",2020,765.215164957272,"proj"
"WS",2000,438.379941637899,"actual"
"WS",2001,470.178490376256,"actual"
"WS",2002,524.863791060956,"actual"
"WS",2003,561.869565779438,"actual"
"WS",2004,626.988499772229,"actual"
"WS",2005,1065.38309326136,"actual"
"WS",2006,825.867840426083,"actual"
"WS",2007,1093.30813147349,"actual"
"WS",2008,1095.15574699285,"actual"
"WS",2009,1226.67239271312,"actual"
"WS",2010,1291.32163069575,"actual"
"WS",2011,1430.84600436056,"actual"
"WS",2012,1443.19899785041,"actual"
"WS",2013,1631.53995331619,"actual"
"WS",2014,1851.29286624732,"actual"
"WS",2015,1834.38336641049,"budget"
"WS",2016,1616.18411470516,"budget"
"WS",2017,1612.78910861969,"budget"
"WS",2018,1682.71338507855,"proj"
"WS",2019,1792.0222234406,"proj"
"WS",2020,1914.08917543516,"proj"
"XK",2000,,"actual"
"XK",2001,,"actual"
"XK",2002,,"actual"
"XK",2003,,"actual"
"XK",2004,,"actual"
"XK",2005,,"actual"
"XK",2006,,"actual"
"XK",2007,,"actual"
"XK",2008,,"actual"
"XK",2009,,"actual"
"XK",2010,,"actual"
"XK",2011,,"actual"
"XK",2012,,"actual"
"XK",2013,,"actual"
"XK",2014,,"actual"
"XK",2015,,"proj"
"XK",2016,,"proj"
"XK",2017,,"proj"
"XK",2018,,"proj"
"XK",2019,,"proj"
"XK",2020,,"proj"
"YE",2000,60.1342422250109,"actual"
"YE",2001,56.2656198991462,"actual"
"YE",2002,60.8486326372096,"actual"
"YE",2003,77.4431784917942,"actual"
"YE",2004,104.53992950637,"actual"
"YE",2005,164.06310968875,"actual"
"YE",2006,233.837505733403,"actual"
"YE",2007,247.884738855092,"actual"
"YE",2008,399.860955580865,"actual"
"YE",2009,228.728305686136,"actual"
"YE",2010,381.939780285254,"actual"
"YE",2011,437.735478361715,"actual"
"YE",2012,575.925920456649,"actual"
"YE",2013,558.713149244636,"actual"
"YE",2014,654.654102174366,"proj"
"YE",2015,849.800910688768,"proj"
"YE",2016,973.143197768155,"proj"
"YE",2017,1302.68171425421,"proj"
"YE",2018,1607.84526299227,"proj"
"YE",2019,,"proj"
"YE",2020,,"proj"
"ZA",1999,284.986473433783,"actual"
"ZA",2000,332.744473832007,"actual"
"ZA",2001,377.751427617286,"actual"
"ZA",2002,478.73685823519,"actual"
"ZA",2003,548.472837066933,"actual"
"ZA",2004,699.96634368675,"actual"
"ZA",2005,853.795259330148,"actual"
"ZA",2006,1067.91340174782,"actual"
"ZA",2007,1438.52028120857,"actual"
"ZA",2008,1552.91898656291,"actual"
"ZA",2009,1633.04598043857,"actual"
"ZA",2010,1940.41600047182,"actual"
"ZA",2011,2214.87310807059,"actual"
"ZA",2012,2446.33730052712,"actual"
"ZA",2013,2766.44264577297,"proj"
"ZA",2014,3139.58092403282,"proj"
"ZA",2015,,"proj"
"ZA",2016,,"proj"
"ZA",2017,,"proj"
"ZA",2018,,"proj"
"ZA",2019,,"proj"
"ZM",2000,15.180475366435,"actual"
"ZM",2001,19.4992852336872,"actual"
"ZM",2002,29.6341893401191,"actual"
"ZM",2003,40.7140401667422,"actual"
"ZM",2004,57.4524769201038,"actual"
"ZM",2005,78.9272968457847,"actual"
"ZM",2006,198.142796226154,"actual"
"ZM",2007,137.408355599252,"actual"
"ZM",2008,170.794926795205,"actual"
"ZM",2009,173.506915412341,"actual"
"ZM",2010,239.413309656293,"actual"
"ZM",2011,343.437196548304,"actual"
"ZM",2012,432.440294467227,"actual"
"ZM",2013,499.956896559113,"actual"
"ZM",2014,602.595612177255,"actual"
"ZM",2015,683.397117607353,"proj"
"ZM",2016,858.981997809457,"proj"
"ZM",2017,1090.08017411064,"proj"
"ZM",2018,1324.01698572149,"proj"
"ZM",2019,1565.39626761944,"proj"
"ZM",2020,1832.71097046976,"proj"
"ZW",2000,,"actual"
"ZW",2001,,"actual"
"ZW",2002,,"actual"
"ZW",2003,,"actual"
"ZW",2004,,"actual"
"ZW",2005,108.957498789954,"actual"
"ZW",2006,56.9089787619228,"actual"
"ZW",2007,22.0775873421927,"actual"
"ZW",2008,14.8238288883443,"actual"
"ZW",2009,228.881896063891,"actual"
"ZW",2010,404.331562597686,"actual"
"ZW",2011,435.233913679482,"actual"
"ZW",2012,511.604357120928,"actual"
"ZW",2013,551.148744855392,"actual"
"ZW",2014,548.632449376176,"actual"
"ZW",2015,523.523169437566,"actual"
"ZW",2016,514.945537132093,"proj"
"ZW",2017,564.115943638163,"proj"
"ZW",2018,598.365788975475,"proj"
"ZW",2019,627.958497401132,"proj"
"ZW",2020,665.77314542523,"proj"
"ZW",2021,705.884419174195,"proj"
